-- --------------------------------------------------------
-- Hôte:                         127.0.0.1
-- Version du serveur:           8.0.30 - MySQL Community Server - GPL
-- SE du serveur:                Win64
-- HeidiSQL Version:             12.1.0.6537
-- --------------------------------------------------------

/*!40101 SET @OLD_CHARACTER_SET_CLIENT=@@CHARACTER_SET_CLIENT */;
/*!40101 SET NAMES utf8 */;
/*!50503 SET NAMES utf8mb4 */;
/*!40103 SET @OLD_TIME_ZONE=@@TIME_ZONE */;
/*!40103 SET TIME_ZONE='+00:00' */;
/*!40014 SET @OLD_FOREIGN_KEY_CHECKS=@@FOREIGN_KEY_CHECKS, FOREIGN_KEY_CHECKS=0 */;
/*!40101 SET @OLD_SQL_MODE=@@SQL_MODE, SQL_MODE='NO_AUTO_VALUE_ON_ZERO' */;
/*!40111 SET @OLD_SQL_NOTES=@@SQL_NOTES, SQL_NOTES=0 */;


-- Listage de la structure de la base pour cinema_asma
CREATE DATABASE IF NOT EXISTS `cinema_asma` /*!40100 DEFAULT CHARACTER SET latin1 */ /*!80016 DEFAULT ENCRYPTION='N' */;
USE `cinema_asma`;

-- Listage de la structure de table cinema_asma. acteur
CREATE TABLE IF NOT EXISTS `acteur` (
  `id_acteur` int NOT NULL AUTO_INCREMENT,
  `id_personne` int NOT NULL,
  PRIMARY KEY (`id_acteur`),
  UNIQUE KEY `id_personne` (`id_personne`),
  CONSTRAINT `acteur_ibfk_1` FOREIGN KEY (`id_personne`) REFERENCES `personne` (`id_personne`) ON DELETE CASCADE
) ENGINE=InnoDB AUTO_INCREMENT=59 DEFAULT CHARSET=latin1;

-- Listage des données de la table cinema_asma.acteur : ~32 rows (environ)
INSERT INTO `acteur` (`id_acteur`, `id_personne`) VALUES
	(1, 11),
	(2, 12),
	(3, 13),
	(4, 14),
	(5, 15),
	(6, 16),
	(56, 17),
	(7, 22),
	(8, 23),
	(10, 25),
	(14, 30),
	(15, 31),
	(16, 32),
	(17, 33),
	(18, 34),
	(19, 35),
	(22, 38),
	(23, 39),
	(24, 40),
	(26, 42),
	(32, 48),
	(33, 49),
	(34, 50),
	(37, 53),
	(38, 54),
	(39, 55),
	(42, 58),
	(43, 59),
	(44, 60),
	(47, 63),
	(48, 64),
	(49, 65),
	(58, 70);

-- Listage de la structure de table cinema_asma. categorie
CREATE TABLE IF NOT EXISTS `categorie` (
  `id_film` int NOT NULL,
  `id_genreCine` int NOT NULL,
  PRIMARY KEY (`id_film`,`id_genreCine`),
  KEY `id_genreCine` (`id_genreCine`),
  CONSTRAINT `categorie_ibfk_1` FOREIGN KEY (`id_film`) REFERENCES `film` (`id_film`),
  CONSTRAINT `categorie_ibfk_2` FOREIGN KEY (`id_genreCine`) REFERENCES `genrecine` (`id_genreCine`)
) ENGINE=InnoDB DEFAULT CHARSET=latin1;

-- Listage des données de la table cinema_asma.categorie : ~15 rows (environ)
INSERT INTO `categorie` (`id_film`, `id_genreCine`) VALUES
	(1, 1),
	(24, 1),
	(2, 2),
	(24, 2),
	(4, 3),
	(5, 3),
	(6, 3),
	(7, 3),
	(24, 3),
	(4, 4),
	(5, 4),
	(7, 4),
	(17, 5),
	(12, 10),
	(2, 11),
	(6, 11);

-- Listage de la structure de table cinema_asma. film
CREATE TABLE IF NOT EXISTS `film` (
  `id_film` int NOT NULL AUTO_INCREMENT,
  `titre_film` varchar(50) DEFAULT NULL,
  `anneeSortie_film` int DEFAULT NULL,
  `synopsis_film` text,
  `note_film` int DEFAULT NULL,
  `duree_film` int DEFAULT NULL,
  `affiche_film` varchar(255) DEFAULT NULL,
  `id_realisateur` int DEFAULT NULL,
  PRIMARY KEY (`id_film`),
  KEY `id_realisateur` (`id_realisateur`),
  CONSTRAINT `film_ibfk_1` FOREIGN KEY (`id_realisateur`) REFERENCES `realisateur` (`id_realisateur`) ON DELETE CASCADE
) ENGINE=InnoDB AUTO_INCREMENT=25 DEFAULT CHARSET=latin1;

-- Listage des données de la table cinema_asma.film : ~14 rows (environ)
INSERT INTO `film` (`id_film`, `titre_film`, `anneeSortie_film`, `synopsis_film`, `note_film`, `duree_film`, `affiche_film`, `id_realisateur`) VALUES
	(1, 'Inception', 2010, 'Un voleur d élite est capable dinfiltrer les rêves des autres pour voler leurs secrets les plus précieux.', 5, 148, './public/images/afficheInception.jpg', 1),
	(2, 'La La Land', 2016, 'Une romance musicale entre une actrice en herbe et un musicien de jazz passionné à Los Angeles.', 5, 128, './public/images/lalalandAffiche.jpg', 6),
	(4, 'Pulp Fiction', 1994, 'Plusieurs histoires entrelacées sur la vie criminelle à Los Angeles avec humour noir et violence.', 5, 154, './public/images/pulpFiction.jpg', 5),
	(5, 'The Dark Knight', 2008, 'Batman sallie avec le procureur et le lieutenant de Gotham City pour lutter contre le crime organisé.', 4, 152, './public/images/darkaffiche.jpg', 1),
	(6, 'Forrest Gump', 1994, 'Un homme simple desprit partage son extraordinaire vie en participant à des moments clés de lhistoire américaine.', 5, 142, './public/images/forest.jpg', 7),
	(7, 'The Godfather', 1972, 'La saga de la famille Corleone, chef dune puissante famille mafieuse italo-américaine.', 5, 175, './public/images/thegodfather.jpg', 9),
	(12, 'La Malédiction : L Origine', 2024, 'Une jeune Américaine est envoyée à Rome pour commencer une vie au service de l Église, mais elle est confrontée à des ténèbres qui l amènent à remettre sa foi en question et à découvrir une terrifiante conspiration.', 4, 120, './public/images/malediction.jpg', 3),
	(17, 'bababa', 2025, 'agziuazgegaougruoazeguogrz', 4, 120, './public/images/661d1289a2e7e5.94714677.png', 12),
	(18, 'yo_test', 2028, 'qrgtzeyzyzeyztar', 2, 125, './public/images/661d13ad8945e7.13650173.png', 9),
	(20, 'zgefzae', 2023, 'estrudyufkiukjuytzeeyu', 0, 120, './public/images/661d322f348808.36090135.png', 6),
	(21, 'Test film', 2000, 'aaa', 4, 123, NULL, 6),
	(22, 'Test film', 2000, 'aaa', 4, 123, NULL, 6),
	(23, 'Test 2', 2000, 'aaa', 4, 120, './public/images/661d3d289a5a27.92472994.png', 5),
	(24, 'Test 2', 2000, 'aaa', 4, 120, './public/images/661d3d416c9d57.88758702.png', 5);

-- Listage de la structure de table cinema_asma. genrecine
CREATE TABLE IF NOT EXISTS `genrecine` (
  `id_genreCine` int NOT NULL AUTO_INCREMENT,
  `nom_genreCine` varchar(50) DEFAULT NULL,
  PRIMARY KEY (`id_genreCine`)
) ENGINE=InnoDB AUTO_INCREMENT=14 DEFAULT CHARSET=latin1;

-- Listage des données de la table cinema_asma.genrecine : ~9 rows (environ)
INSERT INTO `genrecine` (`id_genreCine`, `nom_genreCine`) VALUES
	(1, 'Science-fiction'),
	(2, 'Musical'),
	(3, 'Drame'),
	(4, 'Crime'),
	(5, 'Action'),
	(7, 'Histoire'),
	(9, 'Guerre'),
	(10, 'Horreur'),
	(11, 'Romance'),
	(13, 'test_cat');

-- Listage de la structure de table cinema_asma. jouer
CREATE TABLE IF NOT EXISTS `jouer` (
  `id_film` int NOT NULL,
  `id_acteur` int NOT NULL,
  `id_role` int NOT NULL,
  PRIMARY KEY (`id_film`,`id_acteur`,`id_role`),
  KEY `id_acteur` (`id_acteur`),
  KEY `id_role` (`id_role`),
  CONSTRAINT `jouer_ibfk_1` FOREIGN KEY (`id_film`) REFERENCES `film` (`id_film`) ON DELETE CASCADE,
  CONSTRAINT `jouer_ibfk_2` FOREIGN KEY (`id_acteur`) REFERENCES `acteur` (`id_acteur`) ON DELETE CASCADE,
  CONSTRAINT `jouer_ibfk_3` FOREIGN KEY (`id_role`) REFERENCES `rolefilm` (`id_role`) ON DELETE CASCADE
) ENGINE=InnoDB DEFAULT CHARSET=latin1;

-- Listage des données de la table cinema_asma.jouer : ~30 rows (environ)
INSERT INTO `jouer` (`id_film`, `id_acteur`, `id_role`) VALUES
	(12, 1, 1),
	(12, 2, 3),
	(12, 3, 2),
	(12, 4, 4),
	(12, 5, 5),
	(12, 6, 6),
	(2, 7, 7),
	(2, 8, 8),
	(2, 9, 9),
	(2, 10, 10),
	(4, 16, 16),
	(4, 17, 17),
	(4, 18, 18),
	(4, 19, 19),
	(4, 20, 20),
	(5, 22, 22),
	(5, 23, 23),
	(5, 24, 24),
	(5, 25, 25),
	(6, 26, 26),
	(6, 29, 29),
	(7, 30, 30),
	(7, 32, 32),
	(7, 33, 33),
	(7, 35, 35),
	(1, 51, 51),
	(1, 54, 54),
	(1, 55, 55),
	(0, 56, 0),
	(1, 56, 51);

-- Listage de la structure de table cinema_asma. personne
CREATE TABLE IF NOT EXISTS `personne` (
  `id_personne` int NOT NULL AUTO_INCREMENT,
  `nom_personne` varchar(50) NOT NULL,
  `prenom_personne` varchar(50) NOT NULL,
  `dateNaissance` date DEFAULT NULL,
  `sexe_personne` varchar(50) DEFAULT NULL,
  `affiche_acteur` varchar(50) DEFAULT NULL,
  `bibliographie_acteur` text,
  `carriere_personne` int DEFAULT NULL,
  PRIMARY KEY (`id_personne`)
) ENGINE=InnoDB AUTO_INCREMENT=74 DEFAULT CHARSET=latin1;

-- Listage des données de la table cinema_asma.personne : ~33 rows (environ)
INSERT INTO `personne` (`id_personne`, `nom_personne`, `prenom_personne`, `dateNaissance`, `sexe_personne`, `affiche_acteur`, `bibliographie_acteur`, `carriere_personne`) VALUES
	(1, 'Nolan', 'Christopher', '1970-07-30', 'M', 'christopherNolan.jpg', '    Lorem ipsum dolor sit amet consectetur adipisicing elit. Debitis autem quo earum perferendis tempore ex explicabo ut molestias? Velit error necessitatibus distinctio excepturi quo illum laboriosam quas veritatis vitae numquam quidem, illo porro possimus repudiandae facere pariatur sed nobis! Voluptatem quis expedita quae reprehenderit corrupti laudantium facere sed dicta porro dolorum earum facilis autem iusto at assumenda pariatur laboriosam, quas aliquam tenetur nihil deserunt? Quam alias aut perferendis laudantium inventore placeat suscipit voluptatem beatae enim. Quaerat iusto corporis tempore, repudiandae laborum velit qui facere placeat dolore doloremque dignissimos obcaecati nesciunt delectus sed totam? Ex, accusantium voluptate? Minima iste consequuntur corporis harum ab, amet animi quibusdam ut nesciunt quaerat in rerum ad voluptate eveniet saepe cupiditate, nostrum omnis maiores aut. Temporibus quas illum nulla mollitia ab dolore dolorem voluptate aut deserunt ducimus magnam suscipit omnis molestiae, natus sunt harum dicta quo officiis! Ducimus accusantium nostrum repellendus assumenda magnam laborum qui cumque, eligendi deleniti quos quam in quo perferendis dolorum vitae est velit ad placeat consequatur ratione voluptatibus excepturi sit. Quasi officiis, recusandae a consequuntur iste ea dolor similique accusantium perferendis officia id minima dignissimos accusamus libero animi quo doloribus fugiat voluptatibus nisi obcaecati, earum quia quas placeat. Commodi odio ullam dolor natus sint dolorum quae, et omnis at eum in a ratione quisquam ea fugit cum autem accusamus consequatur saepe temporibus eveniet aperiam. Dicta necessitatibus optio ipsa nam explicabo aspernatur ullam consequatur deleniti, consequuntur molestias eum sapiente perferendis voluptate in veniam facilis deserunt ad maiores voluptatem praesentium hic. Modi commodi dolorem praesentium? Expedita, magnam, beatae porro sed repellat doloremque minus esse sunt ratione ut fugiat odit non ea aliquid cupiditate excepturi ullam in molestias quasi, soluta amet libero? Architecto dignissimos, et necessitatibus soluta tempora vitae! Dolorum consequuntur impedit aspernatur ex, a nisi asperiores earum, fuga, vitae ullam illo! Dignissimos asperiores minima porro rem tenetur velit aliquid animi odio dolore. At totam quo voluptatibus cupiditate commodi, laboriosam corporis animi modi, quisquam fuga quidem sint neque ducimus. Odio iste, hic commodi suscipit provident facere. Magni, in incidunt. Praesentium dicta nemo nam officiis dolorem odit et, laborum, blanditiis libero ullam assumenda enim esse a id laboriosam eligendi? Voluptate repellendus veniam ipsam, similique fugit adipisci, quasi impedit neque repudiandae blanditiis, rerum magnam fugiat omnis incidunt odio ipsa in obcaecati voluptatem dolore suscipit quisquam ratione pariatur reiciendis? Distinctio totam deleniti odit nulla fugit, repudiandae iste ipsa aliquid! Id eum tenetur quia, cumque vero nisi aperiam ab, delectus debitis alias enim quibusdam necessitatibus ipsam repellendus voluptates! Voluptatem eum inventore molestias nostrum quaerat placeat eaque. Alias molestias debitis dolore assumenda optio similique dolorum provident at neque nobis, adipisci esse autem consectetur voluptate. Nulla, inventore soluta. Repellendus voluptas, consectetur inventore laboriosam beatae soluta? Esse debitis delectus neque, harum facilis corrupti hic accusamus fugit reprehenderit aspernatur ipsa ullam nulla vitae explicabo cupiditate ex voluptatibus. Sapiente cumque perspiciatis officiis molestias necessitatibus quia libero similique cupiditate error, tenetur fugiat temporibus reiciendis, magnam quasi facere assumenda deserunt excepturi doloribus, rerum nisi eaque placeat ratione sequi? Ipsa ad eaque eum non dolorem rem asperiores?', 20),
	(2, 'Chazelle', 'Damien', '1985-01-19', 'M', 'chazelleDamien.jpg', '    Lorem ipsum dolor sit amet consectetur adipisicing elit. Debitis autem quo earum perferendis tempore ex explicabo ut molestias? Velit error necessitatibus distinctio excepturi quo illum laboriosam quas veritatis vitae numquam quidem, illo porro possimus repudiandae facere pariatur sed nobis! Voluptatem quis expedita quae reprehenderit corrupti laudantium facere sed dicta porro dolorum earum facilis autem iusto at assumenda pariatur laboriosam, quas aliquam tenetur nihil deserunt? Quam alias aut perferendis laudantium inventore placeat suscipit voluptatem beatae enim. Quaerat iusto corporis tempore, repudiandae laborum velit qui facere placeat dolore doloremque dignissimos obcaecati nesciunt delectus sed totam? Ex, accusantium voluptate? Minima iste consequuntur corporis harum ab, amet animi quibusdam ut nesciunt quaerat in rerum ad voluptate eveniet saepe cupiditate, nostrum omnis maiores aut. Temporibus quas illum nulla mollitia ab dolore dolorem voluptate aut deserunt ducimus magnam suscipit omnis molestiae, natus sunt harum dicta quo officiis! Ducimus accusantium nostrum repellendus assumenda magnam laborum qui cumque, eligendi deleniti quos quam in quo perferendis dolorum vitae est velit ad placeat consequatur ratione voluptatibus excepturi sit. Quasi officiis, recusandae a consequuntur iste ea dolor similique accusantium perferendis officia id minima dignissimos accusamus libero animi quo doloribus fugiat voluptatibus nisi obcaecati, earum quia quas placeat. Commodi odio ullam dolor natus sint dolorum quae, et omnis at eum in a ratione quisquam ea fugit cum autem accusamus consequatur saepe temporibus eveniet aperiam. Dicta necessitatibus optio ipsa nam explicabo aspernatur ullam consequatur deleniti, consequuntur molestias eum sapiente perferendis voluptate in veniam facilis deserunt ad maiores voluptatem praesentium hic. Modi commodi dolorem praesentium? Expedita, magnam, beatae porro sed repellat doloremque minus esse sunt ratione ut fugiat odit non ea aliquid cupiditate excepturi ullam in molestias quasi, soluta amet libero? Architecto dignissimos, et necessitatibus soluta tempora vitae! Dolorum consequuntur impedit aspernatur ex, a nisi asperiores earum, fuga, vitae ullam illo! Dignissimos asperiores minima porro rem tenetur velit aliquid animi odio dolore. At totam quo voluptatibus cupiditate commodi, laboriosam corporis animi modi, quisquam fuga quidem sint neque ducimus. Odio iste, hic commodi suscipit provident facere. Magni, in incidunt. Praesentium dicta nemo nam officiis dolorem odit et, laborum, blanditiis libero ullam assumenda enim esse a id laboriosam eligendi? Voluptate repellendus veniam ipsam, similique fugit adipisci, quasi impedit neque repudiandae blanditiis, rerum magnam fugiat omnis incidunt odio ipsa in obcaecati voluptatem dolore suscipit quisquam ratione pariatur reiciendis? Distinctio totam deleniti odit nulla fugit, repudiandae iste ipsa aliquid! Id eum tenetur quia, cumque vero nisi aperiam ab, delectus debitis alias enim quibusdam necessitatibus ipsam repellendus voluptates! Voluptatem eum inventore molestias nostrum quaerat placeat eaque. Alias molestias debitis dolore assumenda optio similique dolorum provident at neque nobis, adipisci esse autem consectetur voluptate. Nulla, inventore soluta. Repellendus voluptas, consectetur inventore laboriosam beatae soluta? Esse debitis delectus neque, harum facilis corrupti hic accusamus fugit reprehenderit aspernatur ipsa ullam nulla vitae explicabo cupiditate ex voluptatibus. Sapiente cumque perspiciatis officiis molestias necessitatibus quia libero similique cupiditate error, tenetur fugiat temporibus reiciendis, magnam quasi facere assumenda deserunt excepturi doloribus, rerum nisi eaque placeat ratione sequi? Ipsa ad eaque eum non dolorem rem asperiores?', 15),
	(3, 'Darabont', 'Frank', '1959-01-28', 'M', 'daramontFrank.jpg', '    Lorem ipsum dolor sit amet consectetur adipisicing elit. Debitis autem quo earum perferendis tempore ex explicabo ut molestias? Velit error necessitatibus distinctio excepturi quo illum laboriosam quas veritatis vitae numquam quidem, illo porro possimus repudiandae facere pariatur sed nobis! Voluptatem quis expedita quae reprehenderit corrupti laudantium facere sed dicta porro dolorum earum facilis autem iusto at assumenda pariatur laboriosam, quas aliquam tenetur nihil deserunt? Quam alias aut perferendis laudantium inventore placeat suscipit voluptatem beatae enim. Quaerat iusto corporis tempore, repudiandae laborum velit qui facere placeat dolore doloremque dignissimos obcaecati nesciunt delectus sed totam? Ex, accusantium voluptate? Minima iste consequuntur corporis harum ab, amet animi quibusdam ut nesciunt quaerat in rerum ad voluptate eveniet saepe cupiditate, nostrum omnis maiores aut. Temporibus quas illum nulla mollitia ab dolore dolorem voluptate aut deserunt ducimus magnam suscipit omnis molestiae, natus sunt harum dicta quo officiis! Ducimus accusantium nostrum repellendus assumenda magnam laborum qui cumque, eligendi deleniti quos quam in quo perferendis dolorum vitae est velit ad placeat consequatur ratione voluptatibus excepturi sit. Quasi officiis, recusandae a consequuntur iste ea dolor similique accusantium perferendis officia id minima dignissimos accusamus libero animi quo doloribus fugiat voluptatibus nisi obcaecati, earum quia quas placeat. Commodi odio ullam dolor natus sint dolorum quae, et omnis at eum in a ratione quisquam ea fugit cum autem accusamus consequatur saepe temporibus eveniet aperiam. Dicta necessitatibus optio ipsa nam explicabo aspernatur ullam consequatur deleniti, consequuntur molestias eum sapiente perferendis voluptate in veniam facilis deserunt ad maiores voluptatem praesentium hic. Modi commodi dolorem praesentium? Expedita, magnam, beatae porro sed repellat doloremque minus esse sunt ratione ut fugiat odit non ea aliquid cupiditate excepturi ullam in molestias quasi, soluta amet libero? Architecto dignissimos, et necessitatibus soluta tempora vitae! Dolorum consequuntur impedit aspernatur ex, a nisi asperiores earum, fuga, vitae ullam illo! Dignissimos asperiores minima porro rem tenetur velit aliquid animi odio dolore. At totam quo voluptatibus cupiditate commodi, laboriosam corporis animi modi, quisquam fuga quidem sint neque ducimus. Odio iste, hic commodi suscipit provident facere. Magni, in incidunt. Praesentium dicta nemo nam officiis dolorem odit et, laborum, blanditiis libero ullam assumenda enim esse a id laboriosam eligendi? Voluptate repellendus veniam ipsam, similique fugit adipisci, quasi impedit neque repudiandae blanditiis, rerum magnam fugiat omnis incidunt odio ipsa in obcaecati voluptatem dolore suscipit quisquam ratione pariatur reiciendis? Distinctio totam deleniti odit nulla fugit, repudiandae iste ipsa aliquid! Id eum tenetur quia, cumque vero nisi aperiam ab, delectus debitis alias enim quibusdam necessitatibus ipsam repellendus voluptates! Voluptatem eum inventore molestias nostrum quaerat placeat eaque. Alias molestias debitis dolore assumenda optio similique dolorum provident at neque nobis, adipisci esse autem consectetur voluptate. Nulla, inventore soluta. Repellendus voluptas, consectetur inventore laboriosam beatae soluta? Esse debitis delectus neque, harum facilis corrupti hic accusamus fugit reprehenderit aspernatur ipsa ullam nulla vitae explicabo cupiditate ex voluptatibus. Sapiente cumque perspiciatis officiis molestias necessitatibus quia libero similique cupiditate error, tenetur fugiat temporibus reiciendis, magnam quasi facere assumenda deserunt excepturi doloribus, rerum nisi eaque placeat ratione sequi? Ipsa ad eaque eum non dolorem rem asperiores?', 25),
	(4, 'Tarantino', 'Quentin', '1963-03-27', 'M', 'tarantino.jpg', '    Lorem ipsum dolor sit amet consectetur adipisicing elit. Debitis autem quo earum perferendis tempore ex explicabo ut molestias? Velit error necessitatibus distinctio excepturi quo illum laboriosam quas veritatis vitae numquam quidem, illo porro possimus repudiandae facere pariatur sed nobis! Voluptatem quis expedita quae reprehenderit corrupti laudantium facere sed dicta porro dolorum earum facilis autem iusto at assumenda pariatur laboriosam, quas aliquam tenetur nihil deserunt? Quam alias aut perferendis laudantium inventore placeat suscipit voluptatem beatae enim. Quaerat iusto corporis tempore, repudiandae laborum velit qui facere placeat dolore doloremque dignissimos obcaecati nesciunt delectus sed totam? Ex, accusantium voluptate? Minima iste consequuntur corporis harum ab, amet animi quibusdam ut nesciunt quaerat in rerum ad voluptate eveniet saepe cupiditate, nostrum omnis maiores aut. Temporibus quas illum nulla mollitia ab dolore dolorem voluptate aut deserunt ducimus magnam suscipit omnis molestiae, natus sunt harum dicta quo officiis! Ducimus accusantium nostrum repellendus assumenda magnam laborum qui cumque, eligendi deleniti quos quam in quo perferendis dolorum vitae est velit ad placeat consequatur ratione voluptatibus excepturi sit. Quasi officiis, recusandae a consequuntur iste ea dolor similique accusantium perferendis officia id minima dignissimos accusamus libero animi quo doloribus fugiat voluptatibus nisi obcaecati, earum quia quas placeat. Commodi odio ullam dolor natus sint dolorum quae, et omnis at eum in a ratione quisquam ea fugit cum autem accusamus consequatur saepe temporibus eveniet aperiam. Dicta necessitatibus optio ipsa nam explicabo aspernatur ullam consequatur deleniti, consequuntur molestias eum sapiente perferendis voluptate in veniam facilis deserunt ad maiores voluptatem praesentium hic. Modi commodi dolorem praesentium? Expedita, magnam, beatae porro sed repellat doloremque minus esse sunt ratione ut fugiat odit non ea aliquid cupiditate excepturi ullam in molestias quasi, soluta amet libero? Architecto dignissimos, et necessitatibus soluta tempora vitae! Dolorum consequuntur impedit aspernatur ex, a nisi asperiores earum, fuga, vitae ullam illo! Dignissimos asperiores minima porro rem tenetur velit aliquid animi odio dolore. At totam quo voluptatibus cupiditate commodi, laboriosam corporis animi modi, quisquam fuga quidem sint neque ducimus. Odio iste, hic commodi suscipit provident facere. Magni, in incidunt. Praesentium dicta nemo nam officiis dolorem odit et, laborum, blanditiis libero ullam assumenda enim esse a id laboriosam eligendi? Voluptate repellendus veniam ipsam, similique fugit adipisci, quasi impedit neque repudiandae blanditiis, rerum magnam fugiat omnis incidunt odio ipsa in obcaecati voluptatem dolore suscipit quisquam ratione pariatur reiciendis? Distinctio totam deleniti odit nulla fugit, repudiandae iste ipsa aliquid! Id eum tenetur quia, cumque vero nisi aperiam ab, delectus debitis alias enim quibusdam necessitatibus ipsam repellendus voluptates! Voluptatem eum inventore molestias nostrum quaerat placeat eaque. Alias molestias debitis dolore assumenda optio similique dolorum provident at neque nobis, adipisci esse autem consectetur voluptate. Nulla, inventore soluta. Repellendus voluptas, consectetur inventore laboriosam beatae soluta? Esse debitis delectus neque, harum facilis corrupti hic accusamus fugit reprehenderit aspernatur ipsa ullam nulla vitae explicabo cupiditate ex voluptatibus. Sapiente cumque perspiciatis officiis molestias necessitatibus quia libero similique cupiditate error, tenetur fugiat temporibus reiciendis, magnam quasi facere assumenda deserunt excepturi doloribus, rerum nisi eaque placeat ratione sequi? Ipsa ad eaque eum non dolorem rem asperiores?', 30),
	(5, 'Zemeckis', 'Robert', '1952-05-14', 'M', 'zemeckis.jpg', '    Lorem ipsum dolor sit amet consectetur adipisicing elit. Debitis autem quo earum perferendis tempore ex explicabo ut molestias? Velit error necessitatibus distinctio excepturi quo illum laboriosam quas veritatis vitae numquam quidem, illo porro possimus repudiandae facere pariatur sed nobis! Voluptatem quis expedita quae reprehenderit corrupti laudantium facere sed dicta porro dolorum earum facilis autem iusto at assumenda pariatur laboriosam, quas aliquam tenetur nihil deserunt? Quam alias aut perferendis laudantium inventore placeat suscipit voluptatem beatae enim. Quaerat iusto corporis tempore, repudiandae laborum velit qui facere placeat dolore doloremque dignissimos obcaecati nesciunt delectus sed totam? Ex, accusantium voluptate? Minima iste consequuntur corporis harum ab, amet animi quibusdam ut nesciunt quaerat in rerum ad voluptate eveniet saepe cupiditate, nostrum omnis maiores aut. Temporibus quas illum nulla mollitia ab dolore dolorem voluptate aut deserunt ducimus magnam suscipit omnis molestiae, natus sunt harum dicta quo officiis! Ducimus accusantium nostrum repellendus assumenda magnam laborum qui cumque, eligendi deleniti quos quam in quo perferendis dolorum vitae est velit ad placeat consequatur ratione voluptatibus excepturi sit. Quasi officiis, recusandae a consequuntur iste ea dolor similique accusantium perferendis officia id minima dignissimos accusamus libero animi quo doloribus fugiat voluptatibus nisi obcaecati, earum quia quas placeat. Commodi odio ullam dolor natus sint dolorum quae, et omnis at eum in a ratione quisquam ea fugit cum autem accusamus consequatur saepe temporibus eveniet aperiam. Dicta necessitatibus optio ipsa nam explicabo aspernatur ullam consequatur deleniti, consequuntur molestias eum sapiente perferendis voluptate in veniam facilis deserunt ad maiores voluptatem praesentium hic. Modi commodi dolorem praesentium? Expedita, magnam, beatae porro sed repellat doloremque minus esse sunt ratione ut fugiat odit non ea aliquid cupiditate excepturi ullam in molestias quasi, soluta amet libero? Architecto dignissimos, et necessitatibus soluta tempora vitae! Dolorum consequuntur impedit aspernatur ex, a nisi asperiores earum, fuga, vitae ullam illo! Dignissimos asperiores minima porro rem tenetur velit aliquid animi odio dolore. At totam quo voluptatibus cupiditate commodi, laboriosam corporis animi modi, quisquam fuga quidem sint neque ducimus. Odio iste, hic commodi suscipit provident facere. Magni, in incidunt. Praesentium dicta nemo nam officiis dolorem odit et, laborum, blanditiis libero ullam assumenda enim esse a id laboriosam eligendi? Voluptate repellendus veniam ipsam, similique fugit adipisci, quasi impedit neque repudiandae blanditiis, rerum magnam fugiat omnis incidunt odio ipsa in obcaecati voluptatem dolore suscipit quisquam ratione pariatur reiciendis? Distinctio totam deleniti odit nulla fugit, repudiandae iste ipsa aliquid! Id eum tenetur quia, cumque vero nisi aperiam ab, delectus debitis alias enim quibusdam necessitatibus ipsam repellendus voluptates! Voluptatem eum inventore molestias nostrum quaerat placeat eaque. Alias molestias debitis dolore assumenda optio similique dolorum provident at neque nobis, adipisci esse autem consectetur voluptate. Nulla, inventore soluta. Repellendus voluptas, consectetur inventore laboriosam beatae soluta? Esse debitis delectus neque, harum facilis corrupti hic accusamus fugit reprehenderit aspernatur ipsa ullam nulla vitae explicabo cupiditate ex voluptatibus. Sapiente cumque perspiciatis officiis molestias necessitatibus quia libero similique cupiditate error, tenetur fugiat temporibus reiciendis, magnam quasi facere assumenda deserunt excepturi doloribus, rerum nisi eaque placeat ratione sequi? Ipsa ad eaque eum non dolorem rem asperiores?', 15),
	(6, 'Coppola', 'Francis Ford', '1939-04-07', 'M', 'coppola.jpg', '    Lorem ipsum dolor sit amet consectetur adipisicing elit. Debitis autem quo earum perferendis tempore ex explicabo ut molestias? Velit error necessitatibus distinctio excepturi quo illum laboriosam quas veritatis vitae numquam quidem, illo porro possimus repudiandae facere pariatur sed nobis! Voluptatem quis expedita quae reprehenderit corrupti laudantium facere sed dicta porro dolorum earum facilis autem iusto at assumenda pariatur laboriosam, quas aliquam tenetur nihil deserunt? Quam alias aut perferendis laudantium inventore placeat suscipit voluptatem beatae enim. Quaerat iusto corporis tempore, repudiandae laborum velit qui facere placeat dolore doloremque dignissimos obcaecati nesciunt delectus sed totam? Ex, accusantium voluptate? Minima iste consequuntur corporis harum ab, amet animi quibusdam ut nesciunt quaerat in rerum ad voluptate eveniet saepe cupiditate, nostrum omnis maiores aut. Temporibus quas illum nulla mollitia ab dolore dolorem voluptate aut deserunt ducimus magnam suscipit omnis molestiae, natus sunt harum dicta quo officiis! Ducimus accusantium nostrum repellendus assumenda magnam laborum qui cumque, eligendi deleniti quos quam in quo perferendis dolorum vitae est velit ad placeat consequatur ratione voluptatibus excepturi sit. Quasi officiis, recusandae a consequuntur iste ea dolor similique accusantium perferendis officia id minima dignissimos accusamus libero animi quo doloribus fugiat voluptatibus nisi obcaecati, earum quia quas placeat. Commodi odio ullam dolor natus sint dolorum quae, et omnis at eum in a ratione quisquam ea fugit cum autem accusamus consequatur saepe temporibus eveniet aperiam. Dicta necessitatibus optio ipsa nam explicabo aspernatur ullam consequatur deleniti, consequuntur molestias eum sapiente perferendis voluptate in veniam facilis deserunt ad maiores voluptatem praesentium hic. Modi commodi dolorem praesentium? Expedita, magnam, beatae porro sed repellat doloremque minus esse sunt ratione ut fugiat odit non ea aliquid cupiditate excepturi ullam in molestias quasi, soluta amet libero? Architecto dignissimos, et necessitatibus soluta tempora vitae! Dolorum consequuntur impedit aspernatur ex, a nisi asperiores earum, fuga, vitae ullam illo! Dignissimos asperiores minima porro rem tenetur velit aliquid animi odio dolore. At totam quo voluptatibus cupiditate commodi, laboriosam corporis animi modi, quisquam fuga quidem sint neque ducimus. Odio iste, hic commodi suscipit provident facere. Magni, in incidunt. Praesentium dicta nemo nam officiis dolorem odit et, laborum, blanditiis libero ullam assumenda enim esse a id laboriosam eligendi? Voluptate repellendus veniam ipsam, similique fugit adipisci, quasi impedit neque repudiandae blanditiis, rerum magnam fugiat omnis incidunt odio ipsa in obcaecati voluptatem dolore suscipit quisquam ratione pariatur reiciendis? Distinctio totam deleniti odit nulla fugit, repudiandae iste ipsa aliquid! Id eum tenetur quia, cumque vero nisi aperiam ab, delectus debitis alias enim quibusdam necessitatibus ipsam repellendus voluptates! Voluptatem eum inventore molestias nostrum quaerat placeat eaque. Alias molestias debitis dolore assumenda optio similique dolorum provident at neque nobis, adipisci esse autem consectetur voluptate. Nulla, inventore soluta. Repellendus voluptas, consectetur inventore laboriosam beatae soluta? Esse debitis delectus neque, harum facilis corrupti hic accusamus fugit reprehenderit aspernatur ipsa ullam nulla vitae explicabo cupiditate ex voluptatibus. Sapiente cumque perspiciatis officiis molestias necessitatibus quia libero similique cupiditate error, tenetur fugiat temporibus reiciendis, magnam quasi facere assumenda deserunt excepturi doloribus, rerum nisi eaque placeat ratione sequi? Ipsa ad eaque eum non dolorem rem asperiores?', 10),
	(7, 'Spielberg', 'Steven', '1946-12-18', 'M', 'spielberg.jpg', '    Lorem ipsum dolor sit amet consectetur adipisicing elit. Debitis autem quo earum perferendis tempore ex explicabo ut molestias? Velit error necessitatibus distinctio excepturi quo illum laboriosam quas veritatis vitae numquam quidem, illo porro possimus repudiandae facere pariatur sed nobis! Voluptatem quis expedita quae reprehenderit corrupti laudantium facere sed dicta porro dolorum earum facilis autem iusto at assumenda pariatur laboriosam, quas aliquam tenetur nihil deserunt? Quam alias aut perferendis laudantium inventore placeat suscipit voluptatem beatae enim. Quaerat iusto corporis tempore, repudiandae laborum velit qui facere placeat dolore doloremque dignissimos obcaecati nesciunt delectus sed totam? Ex, accusantium voluptate? Minima iste consequuntur corporis harum ab, amet animi quibusdam ut nesciunt quaerat in rerum ad voluptate eveniet saepe cupiditate, nostrum omnis maiores aut. Temporibus quas illum nulla mollitia ab dolore dolorem voluptate aut deserunt ducimus magnam suscipit omnis molestiae, natus sunt harum dicta quo officiis! Ducimus accusantium nostrum repellendus assumenda magnam laborum qui cumque, eligendi deleniti quos quam in quo perferendis dolorum vitae est velit ad placeat consequatur ratione voluptatibus excepturi sit. Quasi officiis, recusandae a consequuntur iste ea dolor similique accusantium perferendis officia id minima dignissimos accusamus libero animi quo doloribus fugiat voluptatibus nisi obcaecati, earum quia quas placeat. Commodi odio ullam dolor natus sint dolorum quae, et omnis at eum in a ratione quisquam ea fugit cum autem accusamus consequatur saepe temporibus eveniet aperiam. Dicta necessitatibus optio ipsa nam explicabo aspernatur ullam consequatur deleniti, consequuntur molestias eum sapiente perferendis voluptate in veniam facilis deserunt ad maiores voluptatem praesentium hic. Modi commodi dolorem praesentium? Expedita, magnam, beatae porro sed repellat doloremque minus esse sunt ratione ut fugiat odit non ea aliquid cupiditate excepturi ullam in molestias quasi, soluta amet libero? Architecto dignissimos, et necessitatibus soluta tempora vitae! Dolorum consequuntur impedit aspernatur ex, a nisi asperiores earum, fuga, vitae ullam illo! Dignissimos asperiores minima porro rem tenetur velit aliquid animi odio dolore. At totam quo voluptatibus cupiditate commodi, laboriosam corporis animi modi, quisquam fuga quidem sint neque ducimus. Odio iste, hic commodi suscipit provident facere. Magni, in incidunt. Praesentium dicta nemo nam officiis dolorem odit et, laborum, blanditiis libero ullam assumenda enim esse a id laboriosam eligendi? Voluptate repellendus veniam ipsam, similique fugit adipisci, quasi impedit neque repudiandae blanditiis, rerum magnam fugiat omnis incidunt odio ipsa in obcaecati voluptatem dolore suscipit quisquam ratione pariatur reiciendis? Distinctio totam deleniti odit nulla fugit, repudiandae iste ipsa aliquid! Id eum tenetur quia, cumque vero nisi aperiam ab, delectus debitis alias enim quibusdam necessitatibus ipsam repellendus voluptates! Voluptatem eum inventore molestias nostrum quaerat placeat eaque. Alias molestias debitis dolore assumenda optio similique dolorum provident at neque nobis, adipisci esse autem consectetur voluptate. Nulla, inventore soluta. Repellendus voluptas, consectetur inventore laboriosam beatae soluta? Esse debitis delectus neque, harum facilis corrupti hic accusamus fugit reprehenderit aspernatur ipsa ullam nulla vitae explicabo cupiditate ex voluptatibus. Sapiente cumque perspiciatis officiis molestias necessitatibus quia libero similique cupiditate error, tenetur fugiat temporibus reiciendis, magnam quasi facere assumenda deserunt excepturi doloribus, rerum nisi eaque placeat ratione sequi? Ipsa ad eaque eum non dolorem rem asperiores?', 25),
	(8, 'Wachowskis', 'The', '1965-06-21', 'Autre', 'wachowski.jpg', 'Lana Wachowski et Lilly Wachowski sont deux réalisatrices, scénaristes et productrices américaines, travaillant généralement ensemble. Leur duo est désigné sous l’appellation « les Wachowski » (en anglais « The Wachowskis » [ð? w??t?a?skiz]1).', 12),
	(10, 'Stevenson', 'Arkasha', '1992-12-08', 'F', 'stevenson.jpg', 'non renseigne', 7),
	(14, 'Braga', 'Sonia', '1950-06-08', 'F', 'braga.jpg', 'Issue d\'une famille d\'artistes, Sônia Maria Campos Braga débute sur scène à la fin des années 1960 dans la comédie musicale Hair. Parallèlement elle débute à la télévision et dès 1970 accède à un premier rôle au cinéma dans A Moreninha. C\'est pourtant le petit écran qui lui offre son premier succès — dans l\'adaptation brésilienne de Rue Sésame — en 1972. Au cinéma, elle continue sur sa lancée dans Mestica a Escrava Indomável et dans O Casal. C\'est encore la télévision qui la consacre star en 1975 grâce à la telenovela Gabriela (fondée sur le livre Gabriela, Cravo e Canela de Jorge Amado) dont elle interprète l\'héroïne. Par la suite elle s\'impose progressivement comme une des grandes stars d\'Amérique latine.', 20),
	(15, 'Arcangeli', 'Andrea', '1993-08-03', 'M', 'andrea.jpg', '    Lorem ipsum dolor sit amet consectetur adipisicing elit. Debitis autem quo earum perferendis tempore ex explicabo ut molestias? Velit error necessitatibus distinctio excepturi quo illum laboriosam quas veritatis vitae numquam quidem, illo porro possimus repudiandae facere pariatur sed nobis! Voluptatem quis expedita quae reprehenderit corrupti laudantium facere sed dicta porro dolorum earum facilis autem iusto at assumenda pariatur laboriosam, quas aliquam tenetur nihil deserunt? Quam alias aut perferendis laudantium inventore placeat suscipit voluptatem beatae enim. Quaerat iusto corporis tempore, repudiandae laborum velit qui facere placeat dolore doloremque dignissimos obcaecati nesciunt delectus sed totam? Ex, accusantium voluptate? Minima iste consequuntur corporis harum ab, amet animi quibusdam ut nesciunt quaerat in rerum ad voluptate eveniet saepe cupiditate, nostrum omnis maiores aut. Temporibus quas illum nulla mollitia ab dolore dolorem voluptate aut deserunt ducimus magnam suscipit omnis molestiae, natus sunt harum dicta quo officiis! Ducimus accusantium nostrum repellendus assumenda magnam laborum qui cumque, eligendi deleniti quos quam in quo perferendis dolorum vitae est velit ad placeat consequatur ratione voluptatibus excepturi sit. Quasi officiis, recusandae a consequuntur iste ea dolor similique accusantium perferendis officia id minima dignissimos accusamus libero animi quo doloribus fugiat voluptatibus nisi obcaecati, earum quia quas placeat. Commodi odio ullam dolor natus sint dolorum quae, et omnis at eum in a ratione quisquam ea fugit cum autem accusamus consequatur saepe temporibus eveniet aperiam. Dicta necessitatibus optio ipsa nam explicabo aspernatur ullam consequatur deleniti, consequuntur molestias eum sapiente perferendis voluptate in veniam facilis deserunt ad maiores voluptatem praesentium hic. Modi commodi dolorem praesentium? Expedita, magnam, beatae porro sed repellat doloremque minus esse sunt ratione ut fugiat odit non ea aliquid cupiditate excepturi ullam in molestias quasi, soluta amet libero? Architecto dignissimos, et necessitatibus soluta tempora vitae! Dolorum consequuntur impedit aspernatur ex, a nisi asperiores earum, fuga, vitae ullam illo! Dignissimos asperiores minima porro rem tenetur velit aliquid animi odio dolore. At totam quo voluptatibus cupiditate commodi, laboriosam corporis animi modi, quisquam fuga quidem sint neque ducimus. Odio iste, hic commodi suscipit provident facere. Magni, in incidunt. Praesentium dicta nemo nam officiis dolorem odit et, laborum, blanditiis libero ullam assumenda enim esse a id laboriosam eligendi? Voluptate repellendus veniam ipsam, similique fugit adipisci, quasi impedit neque repudiandae blanditiis, rerum magnam fugiat omnis incidunt odio ipsa in obcaecati voluptatem dolore suscipit quisquam ratione pariatur reiciendis? Distinctio totam deleniti odit nulla fugit, repudiandae iste ipsa aliquid! Id eum tenetur quia, cumque vero nisi aperiam ab, delectus debitis alias enim quibusdam necessitatibus ipsam repellendus voluptates! Voluptatem eum inventore molestias nostrum quaerat placeat eaque. Alias molestias debitis dolore assumenda optio similique dolorum provident at neque nobis, adipisci esse autem consectetur voluptate. Nulla, inventore soluta. Repellendus voluptas, consectetur inventore laboriosam beatae soluta? Esse debitis delectus neque, harum facilis corrupti hic accusamus fugit reprehenderit aspernatur ipsa ullam nulla vitae explicabo cupiditate ex voluptatibus. Sapiente cumque perspiciatis officiis molestias necessitatibus quia libero similique cupiditate error, tenetur fugiat temporibus reiciendis, magnam quasi facere assumenda deserunt excepturi doloribus, rerum nisi eaque placeat ratione sequi? Ipsa ad eaque eum non dolorem rem asperiores?', 5),
	(16, 'Caballero', 'Maria', '1998-06-13', 'F', 'maria.jpg', '    Lorem ipsum dolor sit amet consectetur adipisicing elit. Debitis autem quo earum perferendis tempore ex explicabo ut molestias? Velit error necessitatibus distinctio excepturi quo illum laboriosam quas veritatis vitae numquam quidem, illo porro possimus repudiandae facere pariatur sed nobis! Voluptatem quis expedita quae reprehenderit corrupti laudantium facere sed dicta porro dolorum earum facilis autem iusto at assumenda pariatur laboriosam, quas aliquam tenetur nihil deserunt? Quam alias aut perferendis laudantium inventore placeat suscipit voluptatem beatae enim. Quaerat iusto corporis tempore, repudiandae laborum velit qui facere placeat dolore doloremque dignissimos obcaecati nesciunt delectus sed totam? Ex, accusantium voluptate? Minima iste consequuntur corporis harum ab, amet animi quibusdam ut nesciunt quaerat in rerum ad voluptate eveniet saepe cupiditate, nostrum omnis maiores aut. Temporibus quas illum nulla mollitia ab dolore dolorem voluptate aut deserunt ducimus magnam suscipit omnis molestiae, natus sunt harum dicta quo officiis! Ducimus accusantium nostrum repellendus assumenda magnam laborum qui cumque, eligendi deleniti quos quam in quo perferendis dolorum vitae est velit ad placeat consequatur ratione voluptatibus excepturi sit. Quasi officiis, recusandae a consequuntur iste ea dolor similique accusantium perferendis officia id minima dignissimos accusamus libero animi quo doloribus fugiat voluptatibus nisi obcaecati, earum quia quas placeat. Commodi odio ullam dolor natus sint dolorum quae, et omnis at eum in a ratione quisquam ea fugit cum autem accusamus consequatur saepe temporibus eveniet aperiam. Dicta necessitatibus optio ipsa nam explicabo aspernatur ullam consequatur deleniti, consequuntur molestias eum sapiente perferendis voluptate in veniam facilis deserunt ad maiores voluptatem praesentium hic. Modi commodi dolorem praesentium? Expedita, magnam, beatae porro sed repellat doloremque minus esse sunt ratione ut fugiat odit non ea aliquid cupiditate excepturi ullam in molestias quasi, soluta amet libero? Architecto dignissimos, et necessitatibus soluta tempora vitae! Dolorum consequuntur impedit aspernatur ex, a nisi asperiores earum, fuga, vitae ullam illo! Dignissimos asperiores minima porro rem tenetur velit aliquid animi odio dolore. At totam quo voluptatibus cupiditate commodi, laboriosam corporis animi modi, quisquam fuga quidem sint neque ducimus. Odio iste, hic commodi suscipit provident facere. Magni, in incidunt. Praesentium dicta nemo nam officiis dolorem odit et, laborum, blanditiis libero ullam assumenda enim esse a id laboriosam eligendi? Voluptate repellendus veniam ipsam, similique fugit adipisci, quasi impedit neque repudiandae blanditiis, rerum magnam fugiat omnis incidunt odio ipsa in obcaecati voluptatem dolore suscipit quisquam ratione pariatur reiciendis? Distinctio totam deleniti odit nulla fugit, repudiandae iste ipsa aliquid! Id eum tenetur quia, cumque vero nisi aperiam ab, delectus debitis alias enim quibusdam necessitatibus ipsam repellendus voluptates! Voluptatem eum inventore molestias nostrum quaerat placeat eaque. Alias molestias debitis dolore assumenda optio similique dolorum provident at neque nobis, adipisci esse autem consectetur voluptate. Nulla, inventore soluta. Repellendus voluptas, consectetur inventore laboriosam beatae soluta? Esse debitis delectus neque, harum facilis corrupti hic accusamus fugit reprehenderit aspernatur ipsa ullam nulla vitae explicabo cupiditate ex voluptatibus. Sapiente cumque perspiciatis officiis molestias necessitatibus quia libero similique cupiditate error, tenetur fugiat temporibus reiciendis, magnam quasi facere assumenda deserunt excepturi doloribus, rerum nisi eaque placeat ratione sequi? Ipsa ad eaque eum non dolorem rem asperiores?', 10),
	(17, 'DiCaprio', 'Leonardo', '1974-11-11', 'M', 'leo.jpg', 'Leonardo Wilhelm DiCaprio naît le 11 novembre 1974 à Los Angeles, en Californie. Il est le fils unique d\'un couple de hippies2. Son père George Paul DiCaprio (né en 1943) est un dessinateur et éditeur de bandes dessinées satiriques, d\'ascendance italienne (originaire d\'Alife dans la province de Caserte en Campanie) et allemande (originaire de Bavière), et sa mère Irmelin Indenbirken (née en 1943) est une secrétaire juridique d\'ascendance germano-russe originaire d\'Oer-Erkenschwick2 en Allemagne, dont la famille a émigré aux États-Unis dans les années 1950. Les parents divorcent en 19753.', 15),
	(18, 'Hardy', 'Tom', '1977-09-15', 'M', 'hardy.jpg', '    Lorem ipsum dolor sit amet consectetur adipisicing elit. Debitis autem quo earum perferendis tempore ex explicabo ut molestias? Velit error necessitatibus distinctio excepturi quo illum laboriosam quas veritatis vitae numquam quidem, illo porro possimus repudiandae facere pariatur sed nobis! Voluptatem quis expedita quae reprehenderit corrupti laudantium facere sed dicta porro dolorum earum facilis autem iusto at assumenda pariatur laboriosam, quas aliquam tenetur nihil deserunt? Quam alias aut perferendis laudantium inventore placeat suscipit voluptatem beatae enim. Quaerat iusto corporis tempore, repudiandae laborum velit qui facere placeat dolore doloremque dignissimos obcaecati nesciunt delectus sed totam? Ex, accusantium voluptate? Minima iste consequuntur corporis harum ab, amet animi quibusdam ut nesciunt quaerat in rerum ad voluptate eveniet saepe cupiditate, nostrum omnis maiores aut. Temporibus quas illum nulla mollitia ab dolore dolorem voluptate aut deserunt ducimus magnam suscipit omnis molestiae, natus sunt harum dicta quo officiis! Ducimus accusantium nostrum repellendus assumenda magnam laborum qui cumque, eligendi deleniti quos quam in quo perferendis dolorum vitae est velit ad placeat consequatur ratione voluptatibus excepturi sit. Quasi officiis, recusandae a consequuntur iste ea dolor similique accusantium perferendis officia id minima dignissimos accusamus libero animi quo doloribus fugiat voluptatibus nisi obcaecati, earum quia quas placeat. Commodi odio ullam dolor natus sint dolorum quae, et omnis at eum in a ratione quisquam ea fugit cum autem accusamus consequatur saepe temporibus eveniet aperiam. Dicta necessitatibus optio ipsa nam explicabo aspernatur ullam consequatur deleniti, consequuntur molestias eum sapiente perferendis voluptate in veniam facilis deserunt ad maiores voluptatem praesentium hic. Modi commodi dolorem praesentium? Expedita, magnam, beatae porro sed repellat doloremque minus esse sunt ratione ut fugiat odit non ea aliquid cupiditate excepturi ullam in molestias quasi, soluta amet libero? Architecto dignissimos, et necessitatibus soluta tempora vitae! Dolorum consequuntur impedit aspernatur ex, a nisi asperiores earum, fuga, vitae ullam illo! Dignissimos asperiores minima porro rem tenetur velit aliquid animi odio dolore. At totam quo voluptatibus cupiditate commodi, laboriosam corporis animi modi, quisquam fuga quidem sint neque ducimus. Odio iste, hic commodi suscipit provident facere. Magni, in incidunt. Praesentium dicta nemo nam officiis dolorem odit et, laborum, blanditiis libero ullam assumenda enim esse a id laboriosam eligendi? Voluptate repellendus veniam ipsam, similique fugit adipisci, quasi impedit neque repudiandae blanditiis, rerum magnam fugiat omnis incidunt odio ipsa in obcaecati voluptatem dolore suscipit quisquam ratione pariatur reiciendis? Distinctio totam deleniti odit nulla fugit, repudiandae iste ipsa aliquid! Id eum tenetur quia, cumque vero nisi aperiam ab, delectus debitis alias enim quibusdam necessitatibus ipsam repellendus voluptates! Voluptatem eum inventore molestias nostrum quaerat placeat eaque. Alias molestias debitis dolore assumenda optio similique dolorum provident at neque nobis, adipisci esse autem consectetur voluptate. Nulla, inventore soluta. Repellendus voluptas, consectetur inventore laboriosam beatae soluta? Esse debitis delectus neque, harum facilis corrupti hic accusamus fugit reprehenderit aspernatur ipsa ullam nulla vitae explicabo cupiditate ex voluptatibus. Sapiente cumque perspiciatis officiis molestias necessitatibus quia libero similique cupiditate error, tenetur fugiat temporibus reiciendis, magnam quasi facere assumenda deserunt excepturi doloribus, rerum nisi eaque placeat ratione sequi? Ipsa ad eaque eum non dolorem rem asperiores?', 10),
	(19, 'Page', 'Ellen', '1987-02-21', 'F', 'pageInception.jpg', '    Lorem ipsum dolor sit amet consectetur adipisicing elit. Debitis autem quo earum perferendis tempore ex explicabo ut molestias? Velit error necessitatibus distinctio excepturi quo illum laboriosam quas veritatis vitae numquam quidem, illo porro possimus repudiandae facere pariatur sed nobis! Voluptatem quis expedita quae reprehenderit corrupti laudantium facere sed dicta porro dolorum earum facilis autem iusto at assumenda pariatur laboriosam, quas aliquam tenetur nihil deserunt? Quam alias aut perferendis laudantium inventore placeat suscipit voluptatem beatae enim. Quaerat iusto corporis tempore, repudiandae laborum velit qui facere placeat dolore doloremque dignissimos obcaecati nesciunt delectus sed totam? Ex, accusantium voluptate? Minima iste consequuntur corporis harum ab, amet animi quibusdam ut nesciunt quaerat in rerum ad voluptate eveniet saepe cupiditate, nostrum omnis maiores aut. Temporibus quas illum nulla mollitia ab dolore dolorem voluptate aut deserunt ducimus magnam suscipit omnis molestiae, natus sunt harum dicta quo officiis! Ducimus accusantium nostrum repellendus assumenda magnam laborum qui cumque, eligendi deleniti quos quam in quo perferendis dolorum vitae est velit ad placeat consequatur ratione voluptatibus excepturi sit. Quasi officiis, recusandae a consequuntur iste ea dolor similique accusantium perferendis officia id minima dignissimos accusamus libero animi quo doloribus fugiat voluptatibus nisi obcaecati, earum quia quas placeat. Commodi odio ullam dolor natus sint dolorum quae, et omnis at eum in a ratione quisquam ea fugit cum autem accusamus consequatur saepe temporibus eveniet aperiam. Dicta necessitatibus optio ipsa nam explicabo aspernatur ullam consequatur deleniti, consequuntur molestias eum sapiente perferendis voluptate in veniam facilis deserunt ad maiores voluptatem praesentium hic. Modi commodi dolorem praesentium? Expedita, magnam, beatae porro sed repellat doloremque minus esse sunt ratione ut fugiat odit non ea aliquid cupiditate excepturi ullam in molestias quasi, soluta amet libero? Architecto dignissimos, et necessitatibus soluta tempora vitae! Dolorum consequuntur impedit aspernatur ex, a nisi asperiores earum, fuga, vitae ullam illo! Dignissimos asperiores minima porro rem tenetur velit aliquid animi odio dolore. At totam quo voluptatibus cupiditate commodi, laboriosam corporis animi modi, quisquam fuga quidem sint neque ducimus. Odio iste, hic commodi suscipit provident facere. Magni, in incidunt. Praesentium dicta nemo nam officiis dolorem odit et, laborum, blanditiis libero ullam assumenda enim esse a id laboriosam eligendi? Voluptate repellendus veniam ipsam, similique fugit adipisci, quasi impedit neque repudiandae blanditiis, rerum magnam fugiat omnis incidunt odio ipsa in obcaecati voluptatem dolore suscipit quisquam ratione pariatur reiciendis? Distinctio totam deleniti odit nulla fugit, repudiandae iste ipsa aliquid! Id eum tenetur quia, cumque vero nisi aperiam ab, delectus debitis alias enim quibusdam necessitatibus ipsam repellendus voluptates! Voluptatem eum inventore molestias nostrum quaerat placeat eaque. Alias molestias debitis dolore assumenda optio similique dolorum provident at neque nobis, adipisci esse autem consectetur voluptate. Nulla, inventore soluta. Repellendus voluptas, consectetur inventore laboriosam beatae soluta? Esse debitis delectus neque, harum facilis corrupti hic accusamus fugit reprehenderit aspernatur ipsa ullam nulla vitae explicabo cupiditate ex voluptatibus. Sapiente cumque perspiciatis officiis molestias necessitatibus quia libero similique cupiditate error, tenetur fugiat temporibus reiciendis, magnam quasi facere assumenda deserunt excepturi doloribus, rerum nisi eaque placeat ratione sequi? Ipsa ad eaque eum non dolorem rem asperiores?', 14),
	(22, 'Gosling', 'Ryan', '1980-11-12', 'M', 'gosling.jpg', '    Lorem ipsum dolor sit amet consectetur adipisicing elit. Debitis autem quo earum perferendis tempore ex explicabo ut molestias? Velit error necessitatibus distinctio excepturi quo illum laboriosam quas veritatis vitae numquam quidem, illo porro possimus repudiandae facere pariatur sed nobis! Voluptatem quis expedita quae reprehenderit corrupti laudantium facere sed dicta porro dolorum earum facilis autem iusto at assumenda pariatur laboriosam, quas aliquam tenetur nihil deserunt? Quam alias aut perferendis laudantium inventore placeat suscipit voluptatem beatae enim. Quaerat iusto corporis tempore, repudiandae laborum velit qui facere placeat dolore doloremque dignissimos obcaecati nesciunt delectus sed totam? Ex, accusantium voluptate? Minima iste consequuntur corporis harum ab, amet animi quibusdam ut nesciunt quaerat in rerum ad voluptate eveniet saepe cupiditate, nostrum omnis maiores aut. Temporibus quas illum nulla mollitia ab dolore dolorem voluptate aut deserunt ducimus magnam suscipit omnis molestiae, natus sunt harum dicta quo officiis! Ducimus accusantium nostrum repellendus assumenda magnam laborum qui cumque, eligendi deleniti quos quam in quo perferendis dolorum vitae est velit ad placeat consequatur ratione voluptatibus excepturi sit. Quasi officiis, recusandae a consequuntur iste ea dolor similique accusantium perferendis officia id minima dignissimos accusamus libero animi quo doloribus fugiat voluptatibus nisi obcaecati, earum quia quas placeat. Commodi odio ullam dolor natus sint dolorum quae, et omnis at eum in a ratione quisquam ea fugit cum autem accusamus consequatur saepe temporibus eveniet aperiam. Dicta necessitatibus optio ipsa nam explicabo aspernatur ullam consequatur deleniti, consequuntur molestias eum sapiente perferendis voluptate in veniam facilis deserunt ad maiores voluptatem praesentium hic. Modi commodi dolorem praesentium? Expedita, magnam, beatae porro sed repellat doloremque minus esse sunt ratione ut fugiat odit non ea aliquid cupiditate excepturi ullam in molestias quasi, soluta amet libero? Architecto dignissimos, et necessitatibus soluta tempora vitae! Dolorum consequuntur impedit aspernatur ex, a nisi asperiores earum, fuga, vitae ullam illo! Dignissimos asperiores minima porro rem tenetur velit aliquid animi odio dolore. At totam quo voluptatibus cupiditate commodi, laboriosam corporis animi modi, quisquam fuga quidem sint neque ducimus. Odio iste, hic commodi suscipit provident facere. Magni, in incidunt. Praesentium dicta nemo nam officiis dolorem odit et, laborum, blanditiis libero ullam assumenda enim esse a id laboriosam eligendi? Voluptate repellendus veniam ipsam, similique fugit adipisci, quasi impedit neque repudiandae blanditiis, rerum magnam fugiat omnis incidunt odio ipsa in obcaecati voluptatem dolore suscipit quisquam ratione pariatur reiciendis? Distinctio totam deleniti odit nulla fugit, repudiandae iste ipsa aliquid! Id eum tenetur quia, cumque vero nisi aperiam ab, delectus debitis alias enim quibusdam necessitatibus ipsam repellendus voluptates! Voluptatem eum inventore molestias nostrum quaerat placeat eaque. Alias molestias debitis dolore assumenda optio similique dolorum provident at neque nobis, adipisci esse autem consectetur voluptate. Nulla, inventore soluta. Repellendus voluptas, consectetur inventore laboriosam beatae soluta? Esse debitis delectus neque, harum facilis corrupti hic accusamus fugit reprehenderit aspernatur ipsa ullam nulla vitae explicabo cupiditate ex voluptatibus. Sapiente cumque perspiciatis officiis molestias necessitatibus quia libero similique cupiditate error, tenetur fugiat temporibus reiciendis, magnam quasi facere assumenda deserunt excepturi doloribus, rerum nisi eaque placeat ratione sequi? Ipsa ad eaque eum non dolorem rem asperiores?', 15),
	(23, 'Stone', 'Emma', '1988-11-06', 'F', 'emmaStone.jpg', '    Lorem ipsum dolor sit amet consectetur adipisicing elit. Debitis autem quo earum perferendis tempore ex explicabo ut molestias? Velit error necessitatibus distinctio excepturi quo illum laboriosam quas veritatis vitae numquam quidem, illo porro possimus repudiandae facere pariatur sed nobis! Voluptatem quis expedita quae reprehenderit corrupti laudantium facere sed dicta porro dolorum earum facilis autem iusto at assumenda pariatur laboriosam, quas aliquam tenetur nihil deserunt? Quam alias aut perferendis laudantium inventore placeat suscipit voluptatem beatae enim. Quaerat iusto corporis tempore, repudiandae laborum velit qui facere placeat dolore doloremque dignissimos obcaecati nesciunt delectus sed totam? Ex, accusantium voluptate? Minima iste consequuntur corporis harum ab, amet animi quibusdam ut nesciunt quaerat in rerum ad voluptate eveniet saepe cupiditate, nostrum omnis maiores aut. Temporibus quas illum nulla mollitia ab dolore dolorem voluptate aut deserunt ducimus magnam suscipit omnis molestiae, natus sunt harum dicta quo officiis! Ducimus accusantium nostrum repellendus assumenda magnam laborum qui cumque, eligendi deleniti quos quam in quo perferendis dolorum vitae est velit ad placeat consequatur ratione voluptatibus excepturi sit. Quasi officiis, recusandae a consequuntur iste ea dolor similique accusantium perferendis officia id minima dignissimos accusamus libero animi quo doloribus fugiat voluptatibus nisi obcaecati, earum quia quas placeat. Commodi odio ullam dolor natus sint dolorum quae, et omnis at eum in a ratione quisquam ea fugit cum autem accusamus consequatur saepe temporibus eveniet aperiam. Dicta necessitatibus optio ipsa nam explicabo aspernatur ullam consequatur deleniti, consequuntur molestias eum sapiente perferendis voluptate in veniam facilis deserunt ad maiores voluptatem praesentium hic. Modi commodi dolorem praesentium? Expedita, magnam, beatae porro sed repellat doloremque minus esse sunt ratione ut fugiat odit non ea aliquid cupiditate excepturi ullam in molestias quasi, soluta amet libero? Architecto dignissimos, et necessitatibus soluta tempora vitae! Dolorum consequuntur impedit aspernatur ex, a nisi asperiores earum, fuga, vitae ullam illo! Dignissimos asperiores minima porro rem tenetur velit aliquid animi odio dolore. At totam quo voluptatibus cupiditate commodi, laboriosam corporis animi modi, quisquam fuga quidem sint neque ducimus. Odio iste, hic commodi suscipit provident facere. Magni, in incidunt. Praesentium dicta nemo nam officiis dolorem odit et, laborum, blanditiis libero ullam assumenda enim esse a id laboriosam eligendi? Voluptate repellendus veniam ipsam, similique fugit adipisci, quasi impedit neque repudiandae blanditiis, rerum magnam fugiat omnis incidunt odio ipsa in obcaecati voluptatem dolore suscipit quisquam ratione pariatur reiciendis? Distinctio totam deleniti odit nulla fugit, repudiandae iste ipsa aliquid! Id eum tenetur quia, cumque vero nisi aperiam ab, delectus debitis alias enim quibusdam necessitatibus ipsam repellendus voluptates! Voluptatem eum inventore molestias nostrum quaerat placeat eaque. Alias molestias debitis dolore assumenda optio similique dolorum provident at neque nobis, adipisci esse autem consectetur voluptate. Nulla, inventore soluta. Repellendus voluptas, consectetur inventore laboriosam beatae soluta? Esse debitis delectus neque, harum facilis corrupti hic accusamus fugit reprehenderit aspernatur ipsa ullam nulla vitae explicabo cupiditate ex voluptatibus. Sapiente cumque perspiciatis officiis molestias necessitatibus quia libero similique cupiditate error, tenetur fugiat temporibus reiciendis, magnam quasi facere assumenda deserunt excepturi doloribus, rerum nisi eaque placeat ratione sequi? Ipsa ad eaque eum non dolorem rem asperiores?', 20),
	(24, 'Legend', 'John', '1978-12-28', 'M', 'legen.jpg', '    Lorem ipsum dolor sit amet consectetur adipisicing elit. Debitis autem quo earum perferendis tempore ex explicabo ut molestias? Velit error necessitatibus distinctio excepturi quo illum laboriosam quas veritatis vitae numquam quidem, illo porro possimus repudiandae facere pariatur sed nobis! Voluptatem quis expedita quae reprehenderit corrupti laudantium facere sed dicta porro dolorum earum facilis autem iusto at assumenda pariatur laboriosam, quas aliquam tenetur nihil deserunt? Quam alias aut perferendis laudantium inventore placeat suscipit voluptatem beatae enim. Quaerat iusto corporis tempore, repudiandae laborum velit qui facere placeat dolore doloremque dignissimos obcaecati nesciunt delectus sed totam? Ex, accusantium voluptate? Minima iste consequuntur corporis harum ab, amet animi quibusdam ut nesciunt quaerat in rerum ad voluptate eveniet saepe cupiditate, nostrum omnis maiores aut. Temporibus quas illum nulla mollitia ab dolore dolorem voluptate aut deserunt ducimus magnam suscipit omnis molestiae, natus sunt harum dicta quo officiis! Ducimus accusantium nostrum repellendus assumenda magnam laborum qui cumque, eligendi deleniti quos quam in quo perferendis dolorum vitae est velit ad placeat consequatur ratione voluptatibus excepturi sit. Quasi officiis, recusandae a consequuntur iste ea dolor similique accusantium perferendis officia id minima dignissimos accusamus libero animi quo doloribus fugiat voluptatibus nisi obcaecati, earum quia quas placeat. Commodi odio ullam dolor natus sint dolorum quae, et omnis at eum in a ratione quisquam ea fugit cum autem accusamus consequatur saepe temporibus eveniet aperiam. Dicta necessitatibus optio ipsa nam explicabo aspernatur ullam consequatur deleniti, consequuntur molestias eum sapiente perferendis voluptate in veniam facilis deserunt ad maiores voluptatem praesentium hic. Modi commodi dolorem praesentium? Expedita, magnam, beatae porro sed repellat doloremque minus esse sunt ratione ut fugiat odit non ea aliquid cupiditate excepturi ullam in molestias quasi, soluta amet libero? Architecto dignissimos, et necessitatibus soluta tempora vitae! Dolorum consequuntur impedit aspernatur ex, a nisi asperiores earum, fuga, vitae ullam illo! Dignissimos asperiores minima porro rem tenetur velit aliquid animi odio dolore. At totam quo voluptatibus cupiditate commodi, laboriosam corporis animi modi, quisquam fuga quidem sint neque ducimus. Odio iste, hic commodi suscipit provident facere. Magni, in incidunt. Praesentium dicta nemo nam officiis dolorem odit et, laborum, blanditiis libero ullam assumenda enim esse a id laboriosam eligendi? Voluptate repellendus veniam ipsam, similique fugit adipisci, quasi impedit neque repudiandae blanditiis, rerum magnam fugiat omnis incidunt odio ipsa in obcaecati voluptatem dolore suscipit quisquam ratione pariatur reiciendis? Distinctio totam deleniti odit nulla fugit, repudiandae iste ipsa aliquid! Id eum tenetur quia, cumque vero nisi aperiam ab, delectus debitis alias enim quibusdam necessitatibus ipsam repellendus voluptates! Voluptatem eum inventore molestias nostrum quaerat placeat eaque. Alias molestias debitis dolore assumenda optio similique dolorum provident at neque nobis, adipisci esse autem consectetur voluptate. Nulla, inventore soluta. Repellendus voluptas, consectetur inventore laboriosam beatae soluta? Esse debitis delectus neque, harum facilis corrupti hic accusamus fugit reprehenderit aspernatur ipsa ullam nulla vitae explicabo cupiditate ex voluptatibus. Sapiente cumque perspiciatis officiis molestias necessitatibus quia libero similique cupiditate error, tenetur fugiat temporibus reiciendis, magnam quasi facere assumenda deserunt excepturi doloribus, rerum nisi eaque placeat ratione sequi? Ipsa ad eaque eum non dolorem rem asperiores?', 6),
	(26, 'Finn Wittrock', 'Finn', '1984-10-28', 'M', 'finn.jpg', '    Lorem ipsum dolor sit amet consectetur adipisicing elit. Debitis autem quo earum perferendis tempore ex explicabo ut molestias? Velit error necessitatibus distinctio excepturi quo illum laboriosam quas veritatis vitae numquam quidem, illo porro possimus repudiandae facere pariatur sed nobis! Voluptatem quis expedita quae reprehenderit corrupti laudantium facere sed dicta porro dolorum earum facilis autem iusto at assumenda pariatur laboriosam, quas aliquam tenetur nihil deserunt? Quam alias aut perferendis laudantium inventore placeat suscipit voluptatem beatae enim. Quaerat iusto corporis tempore, repudiandae laborum velit qui facere placeat dolore doloremque dignissimos obcaecati nesciunt delectus sed totam? Ex, accusantium voluptate? Minima iste consequuntur corporis harum ab, amet animi quibusdam ut nesciunt quaerat in rerum ad voluptate eveniet saepe cupiditate, nostrum omnis maiores aut. Temporibus quas illum nulla mollitia ab dolore dolorem voluptate aut deserunt ducimus magnam suscipit omnis molestiae, natus sunt harum dicta quo officiis! Ducimus accusantium nostrum repellendus assumenda magnam laborum qui cumque, eligendi deleniti quos quam in quo perferendis dolorum vitae est velit ad placeat consequatur ratione voluptatibus excepturi sit. Quasi officiis, recusandae a consequuntur iste ea dolor similique accusantium perferendis officia id minima dignissimos accusamus libero animi quo doloribus fugiat voluptatibus nisi obcaecati, earum quia quas placeat. Commodi odio ullam dolor natus sint dolorum quae, et omnis at eum in a ratione quisquam ea fugit cum autem accusamus consequatur saepe temporibus eveniet aperiam. Dicta necessitatibus optio ipsa nam explicabo aspernatur ullam consequatur deleniti, consequuntur molestias eum sapiente perferendis voluptate in veniam facilis deserunt ad maiores voluptatem praesentium hic. Modi commodi dolorem praesentium? Expedita, magnam, beatae porro sed repellat doloremque minus esse sunt ratione ut fugiat odit non ea aliquid cupiditate excepturi ullam in molestias quasi, soluta amet libero? Architecto dignissimos, et necessitatibus soluta tempora vitae! Dolorum consequuntur impedit aspernatur ex, a nisi asperiores earum, fuga, vitae ullam illo! Dignissimos asperiores minima porro rem tenetur velit aliquid animi odio dolore. At totam quo voluptatibus cupiditate commodi, laboriosam corporis animi modi, quisquam fuga quidem sint neque ducimus. Odio iste, hic commodi suscipit provident facere. Magni, in incidunt. Praesentium dicta nemo nam officiis dolorem odit et, laborum, blanditiis libero ullam assumenda enim esse a id laboriosam eligendi? Voluptate repellendus veniam ipsam, similique fugit adipisci, quasi impedit neque repudiandae blanditiis, rerum magnam fugiat omnis incidunt odio ipsa in obcaecati voluptatem dolore suscipit quisquam ratione pariatur reiciendis? Distinctio totam deleniti odit nulla fugit, repudiandae iste ipsa aliquid! Id eum tenetur quia, cumque vero nisi aperiam ab, delectus debitis alias enim quibusdam necessitatibus ipsam repellendus voluptates! Voluptatem eum inventore molestias nostrum quaerat placeat eaque. Alias molestias debitis dolore assumenda optio similique dolorum provident at neque nobis, adipisci esse autem consectetur voluptate. Nulla, inventore soluta. Repellendus voluptas, consectetur inventore laboriosam beatae soluta? Esse debitis delectus neque, harum facilis corrupti hic accusamus fugit reprehenderit aspernatur ipsa ullam nulla vitae explicabo cupiditate ex voluptatibus. Sapiente cumque perspiciatis officiis molestias necessitatibus quia libero similique cupiditate error, tenetur fugiat temporibus reiciendis, magnam quasi facere assumenda deserunt excepturi doloribus, rerum nisi eaque placeat ratione sequi? Ipsa ad eaque eum non dolorem rem asperiores?', 3),
	(32, 'Travolta', 'John', '1954-02-18', 'M', 'travolta.jpg', '    Lorem ipsum dolor sit amet consectetur adipisicing elit. Debitis autem quo earum perferendis tempore ex explicabo ut molestias? Velit error necessitatibus distinctio excepturi quo illum laboriosam quas veritatis vitae numquam quidem, illo porro possimus repudiandae facere pariatur sed nobis! Voluptatem quis expedita quae reprehenderit corrupti laudantium facere sed dicta porro dolorum earum facilis autem iusto at assumenda pariatur laboriosam, quas aliquam tenetur nihil deserunt? Quam alias aut perferendis laudantium inventore placeat suscipit voluptatem beatae enim. Quaerat iusto corporis tempore, repudiandae laborum velit qui facere placeat dolore doloremque dignissimos obcaecati nesciunt delectus sed totam? Ex, accusantium voluptate? Minima iste consequuntur corporis harum ab, amet animi quibusdam ut nesciunt quaerat in rerum ad voluptate eveniet saepe cupiditate, nostrum omnis maiores aut. Temporibus quas illum nulla mollitia ab dolore dolorem voluptate aut deserunt ducimus magnam suscipit omnis molestiae, natus sunt harum dicta quo officiis! Ducimus accusantium nostrum repellendus assumenda magnam laborum qui cumque, eligendi deleniti quos quam in quo perferendis dolorum vitae est velit ad placeat consequatur ratione voluptatibus excepturi sit. Quasi officiis, recusandae a consequuntur iste ea dolor similique accusantium perferendis officia id minima dignissimos accusamus libero animi quo doloribus fugiat voluptatibus nisi obcaecati, earum quia quas placeat. Commodi odio ullam dolor natus sint dolorum quae, et omnis at eum in a ratione quisquam ea fugit cum autem accusamus consequatur saepe temporibus eveniet aperiam. Dicta necessitatibus optio ipsa nam explicabo aspernatur ullam consequatur deleniti, consequuntur molestias eum sapiente perferendis voluptate in veniam facilis deserunt ad maiores voluptatem praesentium hic. Modi commodi dolorem praesentium? Expedita, magnam, beatae porro sed repellat doloremque minus esse sunt ratione ut fugiat odit non ea aliquid cupiditate excepturi ullam in molestias quasi, soluta amet libero? Architecto dignissimos, et necessitatibus soluta tempora vitae! Dolorum consequuntur impedit aspernatur ex, a nisi asperiores earum, fuga, vitae ullam illo! Dignissimos asperiores minima porro rem tenetur velit aliquid animi odio dolore. At totam quo voluptatibus cupiditate commodi, laboriosam corporis animi modi, quisquam fuga quidem sint neque ducimus. Odio iste, hic commodi suscipit provident facere. Magni, in incidunt. Praesentium dicta nemo nam officiis dolorem odit et, laborum, blanditiis libero ullam assumenda enim esse a id laboriosam eligendi? Voluptate repellendus veniam ipsam, similique fugit adipisci, quasi impedit neque repudiandae blanditiis, rerum magnam fugiat omnis incidunt odio ipsa in obcaecati voluptatem dolore suscipit quisquam ratione pariatur reiciendis? Distinctio totam deleniti odit nulla fugit, repudiandae iste ipsa aliquid! Id eum tenetur quia, cumque vero nisi aperiam ab, delectus debitis alias enim quibusdam necessitatibus ipsam repellendus voluptates! Voluptatem eum inventore molestias nostrum quaerat placeat eaque. Alias molestias debitis dolore assumenda optio similique dolorum provident at neque nobis, adipisci esse autem consectetur voluptate. Nulla, inventore soluta. Repellendus voluptas, consectetur inventore laboriosam beatae soluta? Esse debitis delectus neque, harum facilis corrupti hic accusamus fugit reprehenderit aspernatur ipsa ullam nulla vitae explicabo cupiditate ex voluptatibus. Sapiente cumque perspiciatis officiis molestias necessitatibus quia libero similique cupiditate error, tenetur fugiat temporibus reiciendis, magnam quasi facere assumenda deserunt excepturi doloribus, rerum nisi eaque placeat ratione sequi? Ipsa ad eaque eum non dolorem rem asperiores?', 25),
	(33, 'Jackson', 'Samuel L.', '1948-12-21', 'M', 'samuelJ.jpg', '    Lorem ipsum dolor sit amet consectetur adipisicing elit. Debitis autem quo earum perferendis tempore ex explicabo ut molestias? Velit error necessitatibus distinctio excepturi quo illum laboriosam quas veritatis vitae numquam quidem, illo porro possimus repudiandae facere pariatur sed nobis! Voluptatem quis expedita quae reprehenderit corrupti laudantium facere sed dicta porro dolorum earum facilis autem iusto at assumenda pariatur laboriosam, quas aliquam tenetur nihil deserunt? Quam alias aut perferendis laudantium inventore placeat suscipit voluptatem beatae enim. Quaerat iusto corporis tempore, repudiandae laborum velit qui facere placeat dolore doloremque dignissimos obcaecati nesciunt delectus sed totam? Ex, accusantium voluptate? Minima iste consequuntur corporis harum ab, amet animi quibusdam ut nesciunt quaerat in rerum ad voluptate eveniet saepe cupiditate, nostrum omnis maiores aut. Temporibus quas illum nulla mollitia ab dolore dolorem voluptate aut deserunt ducimus magnam suscipit omnis molestiae, natus sunt harum dicta quo officiis! Ducimus accusantium nostrum repellendus assumenda magnam laborum qui cumque, eligendi deleniti quos quam in quo perferendis dolorum vitae est velit ad placeat consequatur ratione voluptatibus excepturi sit. Quasi officiis, recusandae a consequuntur iste ea dolor similique accusantium perferendis officia id minima dignissimos accusamus libero animi quo doloribus fugiat voluptatibus nisi obcaecati, earum quia quas placeat. Commodi odio ullam dolor natus sint dolorum quae, et omnis at eum in a ratione quisquam ea fugit cum autem accusamus consequatur saepe temporibus eveniet aperiam. Dicta necessitatibus optio ipsa nam explicabo aspernatur ullam consequatur deleniti, consequuntur molestias eum sapiente perferendis voluptate in veniam facilis deserunt ad maiores voluptatem praesentium hic. Modi commodi dolorem praesentium? Expedita, magnam, beatae porro sed repellat doloremque minus esse sunt ratione ut fugiat odit non ea aliquid cupiditate excepturi ullam in molestias quasi, soluta amet libero? Architecto dignissimos, et necessitatibus soluta tempora vitae! Dolorum consequuntur impedit aspernatur ex, a nisi asperiores earum, fuga, vitae ullam illo! Dignissimos asperiores minima porro rem tenetur velit aliquid animi odio dolore. At totam quo voluptatibus cupiditate commodi, laboriosam corporis animi modi, quisquam fuga quidem sint neque ducimus. Odio iste, hic commodi suscipit provident facere. Magni, in incidunt. Praesentium dicta nemo nam officiis dolorem odit et, laborum, blanditiis libero ullam assumenda enim esse a id laboriosam eligendi? Voluptate repellendus veniam ipsam, similique fugit adipisci, quasi impedit neque repudiandae blanditiis, rerum magnam fugiat omnis incidunt odio ipsa in obcaecati voluptatem dolore suscipit quisquam ratione pariatur reiciendis? Distinctio totam deleniti odit nulla fugit, repudiandae iste ipsa aliquid! Id eum tenetur quia, cumque vero nisi aperiam ab, delectus debitis alias enim quibusdam necessitatibus ipsam repellendus voluptates! Voluptatem eum inventore molestias nostrum quaerat placeat eaque. Alias molestias debitis dolore assumenda optio similique dolorum provident at neque nobis, adipisci esse autem consectetur voluptate. Nulla, inventore soluta. Repellendus voluptas, consectetur inventore laboriosam beatae soluta? Esse debitis delectus neque, harum facilis corrupti hic accusamus fugit reprehenderit aspernatur ipsa ullam nulla vitae explicabo cupiditate ex voluptatibus. Sapiente cumque perspiciatis officiis molestias necessitatibus quia libero similique cupiditate error, tenetur fugiat temporibus reiciendis, magnam quasi facere assumenda deserunt excepturi doloribus, rerum nisi eaque placeat ratione sequi? Ipsa ad eaque eum non dolorem rem asperiores?', 30),
	(34, 'Thurman', 'Uma', '1970-04-29', 'F', 'thurman.jpg', '    Lorem ipsum dolor sit amet consectetur adipisicing elit. Debitis autem quo earum perferendis tempore ex explicabo ut molestias? Velit error necessitatibus distinctio excepturi quo illum laboriosam quas veritatis vitae numquam quidem, illo porro possimus repudiandae facere pariatur sed nobis! Voluptatem quis expedita quae reprehenderit corrupti laudantium facere sed dicta porro dolorum earum facilis autem iusto at assumenda pariatur laboriosam, quas aliquam tenetur nihil deserunt? Quam alias aut perferendis laudantium inventore placeat suscipit voluptatem beatae enim. Quaerat iusto corporis tempore, repudiandae laborum velit qui facere placeat dolore doloremque dignissimos obcaecati nesciunt delectus sed totam? Ex, accusantium voluptate? Minima iste consequuntur corporis harum ab, amet animi quibusdam ut nesciunt quaerat in rerum ad voluptate eveniet saepe cupiditate, nostrum omnis maiores aut. Temporibus quas illum nulla mollitia ab dolore dolorem voluptate aut deserunt ducimus magnam suscipit omnis molestiae, natus sunt harum dicta quo officiis! Ducimus accusantium nostrum repellendus assumenda magnam laborum qui cumque, eligendi deleniti quos quam in quo perferendis dolorum vitae est velit ad placeat consequatur ratione voluptatibus excepturi sit. Quasi officiis, recusandae a consequuntur iste ea dolor similique accusantium perferendis officia id minima dignissimos accusamus libero animi quo doloribus fugiat voluptatibus nisi obcaecati, earum quia quas placeat. Commodi odio ullam dolor natus sint dolorum quae, et omnis at eum in a ratione quisquam ea fugit cum autem accusamus consequatur saepe temporibus eveniet aperiam. Dicta necessitatibus optio ipsa nam explicabo aspernatur ullam consequatur deleniti, consequuntur molestias eum sapiente perferendis voluptate in veniam facilis deserunt ad maiores voluptatem praesentium hic. Modi commodi dolorem praesentium? Expedita, magnam, beatae porro sed repellat doloremque minus esse sunt ratione ut fugiat odit non ea aliquid cupiditate excepturi ullam in molestias quasi, soluta amet libero? Architecto dignissimos, et necessitatibus soluta tempora vitae! Dolorum consequuntur impedit aspernatur ex, a nisi asperiores earum, fuga, vitae ullam illo! Dignissimos asperiores minima porro rem tenetur velit aliquid animi odio dolore. At totam quo voluptatibus cupiditate commodi, laboriosam corporis animi modi, quisquam fuga quidem sint neque ducimus. Odio iste, hic commodi suscipit provident facere. Magni, in incidunt. Praesentium dicta nemo nam officiis dolorem odit et, laborum, blanditiis libero ullam assumenda enim esse a id laboriosam eligendi? Voluptate repellendus veniam ipsam, similique fugit adipisci, quasi impedit neque repudiandae blanditiis, rerum magnam fugiat omnis incidunt odio ipsa in obcaecati voluptatem dolore suscipit quisquam ratione pariatur reiciendis? Distinctio totam deleniti odit nulla fugit, repudiandae iste ipsa aliquid! Id eum tenetur quia, cumque vero nisi aperiam ab, delectus debitis alias enim quibusdam necessitatibus ipsam repellendus voluptates! Voluptatem eum inventore molestias nostrum quaerat placeat eaque. Alias molestias debitis dolore assumenda optio similique dolorum provident at neque nobis, adipisci esse autem consectetur voluptate. Nulla, inventore soluta. Repellendus voluptas, consectetur inventore laboriosam beatae soluta? Esse debitis delectus neque, harum facilis corrupti hic accusamus fugit reprehenderit aspernatur ipsa ullam nulla vitae explicabo cupiditate ex voluptatibus. Sapiente cumque perspiciatis officiis molestias necessitatibus quia libero similique cupiditate error, tenetur fugiat temporibus reiciendis, magnam quasi facere assumenda deserunt excepturi doloribus, rerum nisi eaque placeat ratione sequi? Ipsa ad eaque eum non dolorem rem asperiores?', 25),
	(37, 'Bale', 'Christian', '1974-01-30', 'M', 'bale.jpg', '    Lorem ipsum dolor sit amet consectetur adipisicing elit. Debitis autem quo earum perferendis tempore ex explicabo ut molestias? Velit error necessitatibus distinctio excepturi quo illum laboriosam quas veritatis vitae numquam quidem, illo porro possimus repudiandae facere pariatur sed nobis! Voluptatem quis expedita quae reprehenderit corrupti laudantium facere sed dicta porro dolorum earum facilis autem iusto at assumenda pariatur laboriosam, quas aliquam tenetur nihil deserunt? Quam alias aut perferendis laudantium inventore placeat suscipit voluptatem beatae enim. Quaerat iusto corporis tempore, repudiandae laborum velit qui facere placeat dolore doloremque dignissimos obcaecati nesciunt delectus sed totam? Ex, accusantium voluptate? Minima iste consequuntur corporis harum ab, amet animi quibusdam ut nesciunt quaerat in rerum ad voluptate eveniet saepe cupiditate, nostrum omnis maiores aut. Temporibus quas illum nulla mollitia ab dolore dolorem voluptate aut deserunt ducimus magnam suscipit omnis molestiae, natus sunt harum dicta quo officiis! Ducimus accusantium nostrum repellendus assumenda magnam laborum qui cumque, eligendi deleniti quos quam in quo perferendis dolorum vitae est velit ad placeat consequatur ratione voluptatibus excepturi sit. Quasi officiis, recusandae a consequuntur iste ea dolor similique accusantium perferendis officia id minima dignissimos accusamus libero animi quo doloribus fugiat voluptatibus nisi obcaecati, earum quia quas placeat. Commodi odio ullam dolor natus sint dolorum quae, et omnis at eum in a ratione quisquam ea fugit cum autem accusamus consequatur saepe temporibus eveniet aperiam. Dicta necessitatibus optio ipsa nam explicabo aspernatur ullam consequatur deleniti, consequuntur molestias eum sapiente perferendis voluptate in veniam facilis deserunt ad maiores voluptatem praesentium hic. Modi commodi dolorem praesentium? Expedita, magnam, beatae porro sed repellat doloremque minus esse sunt ratione ut fugiat odit non ea aliquid cupiditate excepturi ullam in molestias quasi, soluta amet libero? Architecto dignissimos, et necessitatibus soluta tempora vitae! Dolorum consequuntur impedit aspernatur ex, a nisi asperiores earum, fuga, vitae ullam illo! Dignissimos asperiores minima porro rem tenetur velit aliquid animi odio dolore. At totam quo voluptatibus cupiditate commodi, laboriosam corporis animi modi, quisquam fuga quidem sint neque ducimus. Odio iste, hic commodi suscipit provident facere. Magni, in incidunt. Praesentium dicta nemo nam officiis dolorem odit et, laborum, blanditiis libero ullam assumenda enim esse a id laboriosam eligendi? Voluptate repellendus veniam ipsam, similique fugit adipisci, quasi impedit neque repudiandae blanditiis, rerum magnam fugiat omnis incidunt odio ipsa in obcaecati voluptatem dolore suscipit quisquam ratione pariatur reiciendis? Distinctio totam deleniti odit nulla fugit, repudiandae iste ipsa aliquid! Id eum tenetur quia, cumque vero nisi aperiam ab, delectus debitis alias enim quibusdam necessitatibus ipsam repellendus voluptates! Voluptatem eum inventore molestias nostrum quaerat placeat eaque. Alias molestias debitis dolore assumenda optio similique dolorum provident at neque nobis, adipisci esse autem consectetur voluptate. Nulla, inventore soluta. Repellendus voluptas, consectetur inventore laboriosam beatae soluta? Esse debitis delectus neque, harum facilis corrupti hic accusamus fugit reprehenderit aspernatur ipsa ullam nulla vitae explicabo cupiditate ex voluptatibus. Sapiente cumque perspiciatis officiis molestias necessitatibus quia libero similique cupiditate error, tenetur fugiat temporibus reiciendis, magnam quasi facere assumenda deserunt excepturi doloribus, rerum nisi eaque placeat ratione sequi? Ipsa ad eaque eum non dolorem rem asperiores?', 5),
	(38, 'Ledger', 'Heath', '1979-04-04', 'M', 'ledger.jpg', '    Lorem ipsum dolor sit amet consectetur adipisicing elit. Debitis autem quo earum perferendis tempore ex explicabo ut molestias? Velit error necessitatibus distinctio excepturi quo illum laboriosam quas veritatis vitae numquam quidem, illo porro possimus repudiandae facere pariatur sed nobis! Voluptatem quis expedita quae reprehenderit corrupti laudantium facere sed dicta porro dolorum earum facilis autem iusto at assumenda pariatur laboriosam, quas aliquam tenetur nihil deserunt? Quam alias aut perferendis laudantium inventore placeat suscipit voluptatem beatae enim. Quaerat iusto corporis tempore, repudiandae laborum velit qui facere placeat dolore doloremque dignissimos obcaecati nesciunt delectus sed totam? Ex, accusantium voluptate? Minima iste consequuntur corporis harum ab, amet animi quibusdam ut nesciunt quaerat in rerum ad voluptate eveniet saepe cupiditate, nostrum omnis maiores aut. Temporibus quas illum nulla mollitia ab dolore dolorem voluptate aut deserunt ducimus magnam suscipit omnis molestiae, natus sunt harum dicta quo officiis! Ducimus accusantium nostrum repellendus assumenda magnam laborum qui cumque, eligendi deleniti quos quam in quo perferendis dolorum vitae est velit ad placeat consequatur ratione voluptatibus excepturi sit. Quasi officiis, recusandae a consequuntur iste ea dolor similique accusantium perferendis officia id minima dignissimos accusamus libero animi quo doloribus fugiat voluptatibus nisi obcaecati, earum quia quas placeat. Commodi odio ullam dolor natus sint dolorum quae, et omnis at eum in a ratione quisquam ea fugit cum autem accusamus consequatur saepe temporibus eveniet aperiam. Dicta necessitatibus optio ipsa nam explicabo aspernatur ullam consequatur deleniti, consequuntur molestias eum sapiente perferendis voluptate in veniam facilis deserunt ad maiores voluptatem praesentium hic. Modi commodi dolorem praesentium? Expedita, magnam, beatae porro sed repellat doloremque minus esse sunt ratione ut fugiat odit non ea aliquid cupiditate excepturi ullam in molestias quasi, soluta amet libero? Architecto dignissimos, et necessitatibus soluta tempora vitae! Dolorum consequuntur impedit aspernatur ex, a nisi asperiores earum, fuga, vitae ullam illo! Dignissimos asperiores minima porro rem tenetur velit aliquid animi odio dolore. At totam quo voluptatibus cupiditate commodi, laboriosam corporis animi modi, quisquam fuga quidem sint neque ducimus. Odio iste, hic commodi suscipit provident facere. Magni, in incidunt. Praesentium dicta nemo nam officiis dolorem odit et, laborum, blanditiis libero ullam assumenda enim esse a id laboriosam eligendi? Voluptate repellendus veniam ipsam, similique fugit adipisci, quasi impedit neque repudiandae blanditiis, rerum magnam fugiat omnis incidunt odio ipsa in obcaecati voluptatem dolore suscipit quisquam ratione pariatur reiciendis? Distinctio totam deleniti odit nulla fugit, repudiandae iste ipsa aliquid! Id eum tenetur quia, cumque vero nisi aperiam ab, delectus debitis alias enim quibusdam necessitatibus ipsam repellendus voluptates! Voluptatem eum inventore molestias nostrum quaerat placeat eaque. Alias molestias debitis dolore assumenda optio similique dolorum provident at neque nobis, adipisci esse autem consectetur voluptate. Nulla, inventore soluta. Repellendus voluptas, consectetur inventore laboriosam beatae soluta? Esse debitis delectus neque, harum facilis corrupti hic accusamus fugit reprehenderit aspernatur ipsa ullam nulla vitae explicabo cupiditate ex voluptatibus. Sapiente cumque perspiciatis officiis molestias necessitatibus quia libero similique cupiditate error, tenetur fugiat temporibus reiciendis, magnam quasi facere assumenda deserunt excepturi doloribus, rerum nisi eaque placeat ratione sequi? Ipsa ad eaque eum non dolorem rem asperiores?', 10),
	(39, 'Caine', 'Michael', '1933-03-14', 'M', 'caine.jpg', '    Lorem ipsum dolor sit amet consectetur adipisicing elit. Debitis autem quo earum perferendis tempore ex explicabo ut molestias? Velit error necessitatibus distinctio excepturi quo illum laboriosam quas veritatis vitae numquam quidem, illo porro possimus repudiandae facere pariatur sed nobis! Voluptatem quis expedita quae reprehenderit corrupti laudantium facere sed dicta porro dolorum earum facilis autem iusto at assumenda pariatur laboriosam, quas aliquam tenetur nihil deserunt? Quam alias aut perferendis laudantium inventore placeat suscipit voluptatem beatae enim. Quaerat iusto corporis tempore, repudiandae laborum velit qui facere placeat dolore doloremque dignissimos obcaecati nesciunt delectus sed totam? Ex, accusantium voluptate? Minima iste consequuntur corporis harum ab, amet animi quibusdam ut nesciunt quaerat in rerum ad voluptate eveniet saepe cupiditate, nostrum omnis maiores aut. Temporibus quas illum nulla mollitia ab dolore dolorem voluptate aut deserunt ducimus magnam suscipit omnis molestiae, natus sunt harum dicta quo officiis! Ducimus accusantium nostrum repellendus assumenda magnam laborum qui cumque, eligendi deleniti quos quam in quo perferendis dolorum vitae est velit ad placeat consequatur ratione voluptatibus excepturi sit. Quasi officiis, recusandae a consequuntur iste ea dolor similique accusantium perferendis officia id minima dignissimos accusamus libero animi quo doloribus fugiat voluptatibus nisi obcaecati, earum quia quas placeat. Commodi odio ullam dolor natus sint dolorum quae, et omnis at eum in a ratione quisquam ea fugit cum autem accusamus consequatur saepe temporibus eveniet aperiam. Dicta necessitatibus optio ipsa nam explicabo aspernatur ullam consequatur deleniti, consequuntur molestias eum sapiente perferendis voluptate in veniam facilis deserunt ad maiores voluptatem praesentium hic. Modi commodi dolorem praesentium? Expedita, magnam, beatae porro sed repellat doloremque minus esse sunt ratione ut fugiat odit non ea aliquid cupiditate excepturi ullam in molestias quasi, soluta amet libero? Architecto dignissimos, et necessitatibus soluta tempora vitae! Dolorum consequuntur impedit aspernatur ex, a nisi asperiores earum, fuga, vitae ullam illo! Dignissimos asperiores minima porro rem tenetur velit aliquid animi odio dolore. At totam quo voluptatibus cupiditate commodi, laboriosam corporis animi modi, quisquam fuga quidem sint neque ducimus. Odio iste, hic commodi suscipit provident facere. Magni, in incidunt. Praesentium dicta nemo nam officiis dolorem odit et, laborum, blanditiis libero ullam assumenda enim esse a id laboriosam eligendi? Voluptate repellendus veniam ipsam, similique fugit adipisci, quasi impedit neque repudiandae blanditiis, rerum magnam fugiat omnis incidunt odio ipsa in obcaecati voluptatem dolore suscipit quisquam ratione pariatur reiciendis? Distinctio totam deleniti odit nulla fugit, repudiandae iste ipsa aliquid! Id eum tenetur quia, cumque vero nisi aperiam ab, delectus debitis alias enim quibusdam necessitatibus ipsam repellendus voluptates! Voluptatem eum inventore molestias nostrum quaerat placeat eaque. Alias molestias debitis dolore assumenda optio similique dolorum provident at neque nobis, adipisci esse autem consectetur voluptate. Nulla, inventore soluta. Repellendus voluptas, consectetur inventore laboriosam beatae soluta? Esse debitis delectus neque, harum facilis corrupti hic accusamus fugit reprehenderit aspernatur ipsa ullam nulla vitae explicabo cupiditate ex voluptatibus. Sapiente cumque perspiciatis officiis molestias necessitatibus quia libero similique cupiditate error, tenetur fugiat temporibus reiciendis, magnam quasi facere assumenda deserunt excepturi doloribus, rerum nisi eaque placeat ratione sequi? Ipsa ad eaque eum non dolorem rem asperiores?', 15),
	(42, 'Hanks', 'Tom', '1956-07-09', 'M', 'hanks.jpg', '    Lorem ipsum dolor sit amet consectetur adipisicing elit. Debitis autem quo earum perferendis tempore ex explicabo ut molestias? Velit error necessitatibus distinctio excepturi quo illum laboriosam quas veritatis vitae numquam quidem, illo porro possimus repudiandae facere pariatur sed nobis! Voluptatem quis expedita quae reprehenderit corrupti laudantium facere sed dicta porro dolorum earum facilis autem iusto at assumenda pariatur laboriosam, quas aliquam tenetur nihil deserunt? Quam alias aut perferendis laudantium inventore placeat suscipit voluptatem beatae enim. Quaerat iusto corporis tempore, repudiandae laborum velit qui facere placeat dolore doloremque dignissimos obcaecati nesciunt delectus sed totam? Ex, accusantium voluptate? Minima iste consequuntur corporis harum ab, amet animi quibusdam ut nesciunt quaerat in rerum ad voluptate eveniet saepe cupiditate, nostrum omnis maiores aut. Temporibus quas illum nulla mollitia ab dolore dolorem voluptate aut deserunt ducimus magnam suscipit omnis molestiae, natus sunt harum dicta quo officiis! Ducimus accusantium nostrum repellendus assumenda magnam laborum qui cumque, eligendi deleniti quos quam in quo perferendis dolorum vitae est velit ad placeat consequatur ratione voluptatibus excepturi sit. Quasi officiis, recusandae a consequuntur iste ea dolor similique accusantium perferendis officia id minima dignissimos accusamus libero animi quo doloribus fugiat voluptatibus nisi obcaecati, earum quia quas placeat. Commodi odio ullam dolor natus sint dolorum quae, et omnis at eum in a ratione quisquam ea fugit cum autem accusamus consequatur saepe temporibus eveniet aperiam. Dicta necessitatibus optio ipsa nam explicabo aspernatur ullam consequatur deleniti, consequuntur molestias eum sapiente perferendis voluptate in veniam facilis deserunt ad maiores voluptatem praesentium hic. Modi commodi dolorem praesentium? Expedita, magnam, beatae porro sed repellat doloremque minus esse sunt ratione ut fugiat odit non ea aliquid cupiditate excepturi ullam in molestias quasi, soluta amet libero? Architecto dignissimos, et necessitatibus soluta tempora vitae! Dolorum consequuntur impedit aspernatur ex, a nisi asperiores earum, fuga, vitae ullam illo! Dignissimos asperiores minima porro rem tenetur velit aliquid animi odio dolore. At totam quo voluptatibus cupiditate commodi, laboriosam corporis animi modi, quisquam fuga quidem sint neque ducimus. Odio iste, hic commodi suscipit provident facere. Magni, in incidunt. Praesentium dicta nemo nam officiis dolorem odit et, laborum, blanditiis libero ullam assumenda enim esse a id laboriosam eligendi? Voluptate repellendus veniam ipsam, similique fugit adipisci, quasi impedit neque repudiandae blanditiis, rerum magnam fugiat omnis incidunt odio ipsa in obcaecati voluptatem dolore suscipit quisquam ratione pariatur reiciendis? Distinctio totam deleniti odit nulla fugit, repudiandae iste ipsa aliquid! Id eum tenetur quia, cumque vero nisi aperiam ab, delectus debitis alias enim quibusdam necessitatibus ipsam repellendus voluptates! Voluptatem eum inventore molestias nostrum quaerat placeat eaque. Alias molestias debitis dolore assumenda optio similique dolorum provident at neque nobis, adipisci esse autem consectetur voluptate. Nulla, inventore soluta. Repellendus voluptas, consectetur inventore laboriosam beatae soluta? Esse debitis delectus neque, harum facilis corrupti hic accusamus fugit reprehenderit aspernatur ipsa ullam nulla vitae explicabo cupiditate ex voluptatibus. Sapiente cumque perspiciatis officiis molestias necessitatibus quia libero similique cupiditate error, tenetur fugiat temporibus reiciendis, magnam quasi facere assumenda deserunt excepturi doloribus, rerum nisi eaque placeat ratione sequi? Ipsa ad eaque eum non dolorem rem asperiores?', 20),
	(43, 'Wright', 'Robin', '1966-04-08', 'M', 'robinW.jpg', '    Lorem ipsum dolor sit amet consectetur adipisicing elit. Debitis autem quo earum perferendis tempore ex explicabo ut molestias? Velit error necessitatibus distinctio excepturi quo illum laboriosam quas veritatis vitae numquam quidem, illo porro possimus repudiandae facere pariatur sed nobis! Voluptatem quis expedita quae reprehenderit corrupti laudantium facere sed dicta porro dolorum earum facilis autem iusto at assumenda pariatur laboriosam, quas aliquam tenetur nihil deserunt? Quam alias aut perferendis laudantium inventore placeat suscipit voluptatem beatae enim. Quaerat iusto corporis tempore, repudiandae laborum velit qui facere placeat dolore doloremque dignissimos obcaecati nesciunt delectus sed totam? Ex, accusantium voluptate? Minima iste consequuntur corporis harum ab, amet animi quibusdam ut nesciunt quaerat in rerum ad voluptate eveniet saepe cupiditate, nostrum omnis maiores aut. Temporibus quas illum nulla mollitia ab dolore dolorem voluptate aut deserunt ducimus magnam suscipit omnis molestiae, natus sunt harum dicta quo officiis! Ducimus accusantium nostrum repellendus assumenda magnam laborum qui cumque, eligendi deleniti quos quam in quo perferendis dolorum vitae est velit ad placeat consequatur ratione voluptatibus excepturi sit. Quasi officiis, recusandae a consequuntur iste ea dolor similique accusantium perferendis officia id minima dignissimos accusamus libero animi quo doloribus fugiat voluptatibus nisi obcaecati, earum quia quas placeat. Commodi odio ullam dolor natus sint dolorum quae, et omnis at eum in a ratione quisquam ea fugit cum autem accusamus consequatur saepe temporibus eveniet aperiam. Dicta necessitatibus optio ipsa nam explicabo aspernatur ullam consequatur deleniti, consequuntur molestias eum sapiente perferendis voluptate in veniam facilis deserunt ad maiores voluptatem praesentium hic. Modi commodi dolorem praesentium? Expedita, magnam, beatae porro sed repellat doloremque minus esse sunt ratione ut fugiat odit non ea aliquid cupiditate excepturi ullam in molestias quasi, soluta amet libero? Architecto dignissimos, et necessitatibus soluta tempora vitae! Dolorum consequuntur impedit aspernatur ex, a nisi asperiores earum, fuga, vitae ullam illo! Dignissimos asperiores minima porro rem tenetur velit aliquid animi odio dolore. At totam quo voluptatibus cupiditate commodi, laboriosam corporis animi modi, quisquam fuga quidem sint neque ducimus. Odio iste, hic commodi suscipit provident facere. Magni, in incidunt. Praesentium dicta nemo nam officiis dolorem odit et, laborum, blanditiis libero ullam assumenda enim esse a id laboriosam eligendi? Voluptate repellendus veniam ipsam, similique fugit adipisci, quasi impedit neque repudiandae blanditiis, rerum magnam fugiat omnis incidunt odio ipsa in obcaecati voluptatem dolore suscipit quisquam ratione pariatur reiciendis? Distinctio totam deleniti odit nulla fugit, repudiandae iste ipsa aliquid! Id eum tenetur quia, cumque vero nisi aperiam ab, delectus debitis alias enim quibusdam necessitatibus ipsam repellendus voluptates! Voluptatem eum inventore molestias nostrum quaerat placeat eaque. Alias molestias debitis dolore assumenda optio similique dolorum provident at neque nobis, adipisci esse autem consectetur voluptate. Nulla, inventore soluta. Repellendus voluptas, consectetur inventore laboriosam beatae soluta? Esse debitis delectus neque, harum facilis corrupti hic accusamus fugit reprehenderit aspernatur ipsa ullam nulla vitae explicabo cupiditate ex voluptatibus. Sapiente cumque perspiciatis officiis molestias necessitatibus quia libero similique cupiditate error, tenetur fugiat temporibus reiciendis, magnam quasi facere assumenda deserunt excepturi doloribus, rerum nisi eaque placeat ratione sequi? Ipsa ad eaque eum non dolorem rem asperiores?', 3),
	(44, 'Sinise', 'Gary', '1955-03-17', 'M', 'sinise.jpg', '    Lorem ipsum dolor sit amet consectetur adipisicing elit. Debitis autem quo earum perferendis tempore ex explicabo ut molestias? Velit error necessitatibus distinctio excepturi quo illum laboriosam quas veritatis vitae numquam quidem, illo porro possimus repudiandae facere pariatur sed nobis! Voluptatem quis expedita quae reprehenderit corrupti laudantium facere sed dicta porro dolorum earum facilis autem iusto at assumenda pariatur laboriosam, quas aliquam tenetur nihil deserunt? Quam alias aut perferendis laudantium inventore placeat suscipit voluptatem beatae enim. Quaerat iusto corporis tempore, repudiandae laborum velit qui facere placeat dolore doloremque dignissimos obcaecati nesciunt delectus sed totam? Ex, accusantium voluptate? Minima iste consequuntur corporis harum ab, amet animi quibusdam ut nesciunt quaerat in rerum ad voluptate eveniet saepe cupiditate, nostrum omnis maiores aut. Temporibus quas illum nulla mollitia ab dolore dolorem voluptate aut deserunt ducimus magnam suscipit omnis molestiae, natus sunt harum dicta quo officiis! Ducimus accusantium nostrum repellendus assumenda magnam laborum qui cumque, eligendi deleniti quos quam in quo perferendis dolorum vitae est velit ad placeat consequatur ratione voluptatibus excepturi sit. Quasi officiis, recusandae a consequuntur iste ea dolor similique accusantium perferendis officia id minima dignissimos accusamus libero animi quo doloribus fugiat voluptatibus nisi obcaecati, earum quia quas placeat. Commodi odio ullam dolor natus sint dolorum quae, et omnis at eum in a ratione quisquam ea fugit cum autem accusamus consequatur saepe temporibus eveniet aperiam. Dicta necessitatibus optio ipsa nam explicabo aspernatur ullam consequatur deleniti, consequuntur molestias eum sapiente perferendis voluptate in veniam facilis deserunt ad maiores voluptatem praesentium hic. Modi commodi dolorem praesentium? Expedita, magnam, beatae porro sed repellat doloremque minus esse sunt ratione ut fugiat odit non ea aliquid cupiditate excepturi ullam in molestias quasi, soluta amet libero? Architecto dignissimos, et necessitatibus soluta tempora vitae! Dolorum consequuntur impedit aspernatur ex, a nisi asperiores earum, fuga, vitae ullam illo! Dignissimos asperiores minima porro rem tenetur velit aliquid animi odio dolore. At totam quo voluptatibus cupiditate commodi, laboriosam corporis animi modi, quisquam fuga quidem sint neque ducimus. Odio iste, hic commodi suscipit provident facere. Magni, in incidunt. Praesentium dicta nemo nam officiis dolorem odit et, laborum, blanditiis libero ullam assumenda enim esse a id laboriosam eligendi? Voluptate repellendus veniam ipsam, similique fugit adipisci, quasi impedit neque repudiandae blanditiis, rerum magnam fugiat omnis incidunt odio ipsa in obcaecati voluptatem dolore suscipit quisquam ratione pariatur reiciendis? Distinctio totam deleniti odit nulla fugit, repudiandae iste ipsa aliquid! Id eum tenetur quia, cumque vero nisi aperiam ab, delectus debitis alias enim quibusdam necessitatibus ipsam repellendus voluptates! Voluptatem eum inventore molestias nostrum quaerat placeat eaque. Alias molestias debitis dolore assumenda optio similique dolorum provident at neque nobis, adipisci esse autem consectetur voluptate. Nulla, inventore soluta. Repellendus voluptas, consectetur inventore laboriosam beatae soluta? Esse debitis delectus neque, harum facilis corrupti hic accusamus fugit reprehenderit aspernatur ipsa ullam nulla vitae explicabo cupiditate ex voluptatibus. Sapiente cumque perspiciatis officiis molestias necessitatibus quia libero similique cupiditate error, tenetur fugiat temporibus reiciendis, magnam quasi facere assumenda deserunt excepturi doloribus, rerum nisi eaque placeat ratione sequi? Ipsa ad eaque eum non dolorem rem asperiores?', 5),
	(47, 'Brando', 'Marlon', '1924-04-03', 'M', 'marob.jpg', '    Lorem ipsum dolor sit amet consectetur adipisicing elit. Debitis autem quo earum perferendis tempore ex explicabo ut molestias? Velit error necessitatibus distinctio excepturi quo illum laboriosam quas veritatis vitae numquam quidem, illo porro possimus repudiandae facere pariatur sed nobis! Voluptatem quis expedita quae reprehenderit corrupti laudantium facere sed dicta porro dolorum earum facilis autem iusto at assumenda pariatur laboriosam, quas aliquam tenetur nihil deserunt? Quam alias aut perferendis laudantium inventore placeat suscipit voluptatem beatae enim. Quaerat iusto corporis tempore, repudiandae laborum velit qui facere placeat dolore doloremque dignissimos obcaecati nesciunt delectus sed totam? Ex, accusantium voluptate? Minima iste consequuntur corporis harum ab, amet animi quibusdam ut nesciunt quaerat in rerum ad voluptate eveniet saepe cupiditate, nostrum omnis maiores aut. Temporibus quas illum nulla mollitia ab dolore dolorem voluptate aut deserunt ducimus magnam suscipit omnis molestiae, natus sunt harum dicta quo officiis! Ducimus accusantium nostrum repellendus assumenda magnam laborum qui cumque, eligendi deleniti quos quam in quo perferendis dolorum vitae est velit ad placeat consequatur ratione voluptatibus excepturi sit. Quasi officiis, recusandae a consequuntur iste ea dolor similique accusantium perferendis officia id minima dignissimos accusamus libero animi quo doloribus fugiat voluptatibus nisi obcaecati, earum quia quas placeat. Commodi odio ullam dolor natus sint dolorum quae, et omnis at eum in a ratione quisquam ea fugit cum autem accusamus consequatur saepe temporibus eveniet aperiam. Dicta necessitatibus optio ipsa nam explicabo aspernatur ullam consequatur deleniti, consequuntur molestias eum sapiente perferendis voluptate in veniam facilis deserunt ad maiores voluptatem praesentium hic. Modi commodi dolorem praesentium? Expedita, magnam, beatae porro sed repellat doloremque minus esse sunt ratione ut fugiat odit non ea aliquid cupiditate excepturi ullam in molestias quasi, soluta amet libero? Architecto dignissimos, et necessitatibus soluta tempora vitae! Dolorum consequuntur impedit aspernatur ex, a nisi asperiores earum, fuga, vitae ullam illo! Dignissimos asperiores minima porro rem tenetur velit aliquid animi odio dolore. At totam quo voluptatibus cupiditate commodi, laboriosam corporis animi modi, quisquam fuga quidem sint neque ducimus. Odio iste, hic commodi suscipit provident facere. Magni, in incidunt. Praesentium dicta nemo nam officiis dolorem odit et, laborum, blanditiis libero ullam assumenda enim esse a id laboriosam eligendi? Voluptate repellendus veniam ipsam, similique fugit adipisci, quasi impedit neque repudiandae blanditiis, rerum magnam fugiat omnis incidunt odio ipsa in obcaecati voluptatem dolore suscipit quisquam ratione pariatur reiciendis? Distinctio totam deleniti odit nulla fugit, repudiandae iste ipsa aliquid! Id eum tenetur quia, cumque vero nisi aperiam ab, delectus debitis alias enim quibusdam necessitatibus ipsam repellendus voluptates! Voluptatem eum inventore molestias nostrum quaerat placeat eaque. Alias molestias debitis dolore assumenda optio similique dolorum provident at neque nobis, adipisci esse autem consectetur voluptate. Nulla, inventore soluta. Repellendus voluptas, consectetur inventore laboriosam beatae soluta? Esse debitis delectus neque, harum facilis corrupti hic accusamus fugit reprehenderit aspernatur ipsa ullam nulla vitae explicabo cupiditate ex voluptatibus. Sapiente cumque perspiciatis officiis molestias necessitatibus quia libero similique cupiditate error, tenetur fugiat temporibus reiciendis, magnam quasi facere assumenda deserunt excepturi doloribus, rerum nisi eaque placeat ratione sequi? Ipsa ad eaque eum non dolorem rem asperiores?', 4),
	(48, 'Pacino', 'Al', '1940-04-25', 'M', 'pacino.jpg', '    Lorem ipsum dolor sit amet consectetur adipisicing elit. Debitis autem quo earum perferendis tempore ex explicabo ut molestias? Velit error necessitatibus distinctio excepturi quo illum laboriosam quas veritatis vitae numquam quidem, illo porro possimus repudiandae facere pariatur sed nobis! Voluptatem quis expedita quae reprehenderit corrupti laudantium facere sed dicta porro dolorum earum facilis autem iusto at assumenda pariatur laboriosam, quas aliquam tenetur nihil deserunt? Quam alias aut perferendis laudantium inventore placeat suscipit voluptatem beatae enim. Quaerat iusto corporis tempore, repudiandae laborum velit qui facere placeat dolore doloremque dignissimos obcaecati nesciunt delectus sed totam? Ex, accusantium voluptate? Minima iste consequuntur corporis harum ab, amet animi quibusdam ut nesciunt quaerat in rerum ad voluptate eveniet saepe cupiditate, nostrum omnis maiores aut. Temporibus quas illum nulla mollitia ab dolore dolorem voluptate aut deserunt ducimus magnam suscipit omnis molestiae, natus sunt harum dicta quo officiis! Ducimus accusantium nostrum repellendus assumenda magnam laborum qui cumque, eligendi deleniti quos quam in quo perferendis dolorum vitae est velit ad placeat consequatur ratione voluptatibus excepturi sit. Quasi officiis, recusandae a consequuntur iste ea dolor similique accusantium perferendis officia id minima dignissimos accusamus libero animi quo doloribus fugiat voluptatibus nisi obcaecati, earum quia quas placeat. Commodi odio ullam dolor natus sint dolorum quae, et omnis at eum in a ratione quisquam ea fugit cum autem accusamus consequatur saepe temporibus eveniet aperiam. Dicta necessitatibus optio ipsa nam explicabo aspernatur ullam consequatur deleniti, consequuntur molestias eum sapiente perferendis voluptate in veniam facilis deserunt ad maiores voluptatem praesentium hic. Modi commodi dolorem praesentium? Expedita, magnam, beatae porro sed repellat doloremque minus esse sunt ratione ut fugiat odit non ea aliquid cupiditate excepturi ullam in molestias quasi, soluta amet libero? Architecto dignissimos, et necessitatibus soluta tempora vitae! Dolorum consequuntur impedit aspernatur ex, a nisi asperiores earum, fuga, vitae ullam illo! Dignissimos asperiores minima porro rem tenetur velit aliquid animi odio dolore. At totam quo voluptatibus cupiditate commodi, laboriosam corporis animi modi, quisquam fuga quidem sint neque ducimus. Odio iste, hic commodi suscipit provident facere. Magni, in incidunt. Praesentium dicta nemo nam officiis dolorem odit et, laborum, blanditiis libero ullam assumenda enim esse a id laboriosam eligendi? Voluptate repellendus veniam ipsam, similique fugit adipisci, quasi impedit neque repudiandae blanditiis, rerum magnam fugiat omnis incidunt odio ipsa in obcaecati voluptatem dolore suscipit quisquam ratione pariatur reiciendis? Distinctio totam deleniti odit nulla fugit, repudiandae iste ipsa aliquid! Id eum tenetur quia, cumque vero nisi aperiam ab, delectus debitis alias enim quibusdam necessitatibus ipsam repellendus voluptates! Voluptatem eum inventore molestias nostrum quaerat placeat eaque. Alias molestias debitis dolore assumenda optio similique dolorum provident at neque nobis, adipisci esse autem consectetur voluptate. Nulla, inventore soluta. Repellendus voluptas, consectetur inventore laboriosam beatae soluta? Esse debitis delectus neque, harum facilis corrupti hic accusamus fugit reprehenderit aspernatur ipsa ullam nulla vitae explicabo cupiditate ex voluptatibus. Sapiente cumque perspiciatis officiis molestias necessitatibus quia libero similique cupiditate error, tenetur fugiat temporibus reiciendis, magnam quasi facere assumenda deserunt excepturi doloribus, rerum nisi eaque placeat ratione sequi? Ipsa ad eaque eum non dolorem rem asperiores?', 35),
	(49, 'Caan', 'James', '1940-03-26', 'M', 'caan.jpg', '    Lorem ipsum dolor sit amet consectetur adipisicing elit. Debitis autem quo earum perferendis tempore ex explicabo ut molestias? Velit error necessitatibus distinctio excepturi quo illum laboriosam quas veritatis vitae numquam quidem, illo porro possimus repudiandae facere pariatur sed nobis! Voluptatem quis expedita quae reprehenderit corrupti laudantium facere sed dicta porro dolorum earum facilis autem iusto at assumenda pariatur laboriosam, quas aliquam tenetur nihil deserunt? Quam alias aut perferendis laudantium inventore placeat suscipit voluptatem beatae enim. Quaerat iusto corporis tempore, repudiandae laborum velit qui facere placeat dolore doloremque dignissimos obcaecati nesciunt delectus sed totam? Ex, accusantium voluptate? Minima iste consequuntur corporis harum ab, amet animi quibusdam ut nesciunt quaerat in rerum ad voluptate eveniet saepe cupiditate, nostrum omnis maiores aut. Temporibus quas illum nulla mollitia ab dolore dolorem voluptate aut deserunt ducimus magnam suscipit omnis molestiae, natus sunt harum dicta quo officiis! Ducimus accusantium nostrum repellendus assumenda magnam laborum qui cumque, eligendi deleniti quos quam in quo perferendis dolorum vitae est velit ad placeat consequatur ratione voluptatibus excepturi sit. Quasi officiis, recusandae a consequuntur iste ea dolor similique accusantium perferendis officia id minima dignissimos accusamus libero animi quo doloribus fugiat voluptatibus nisi obcaecati, earum quia quas placeat. Commodi odio ullam dolor natus sint dolorum quae, et omnis at eum in a ratione quisquam ea fugit cum autem accusamus consequatur saepe temporibus eveniet aperiam. Dicta necessitatibus optio ipsa nam explicabo aspernatur ullam consequatur deleniti, consequuntur molestias eum sapiente perferendis voluptate in veniam facilis deserunt ad maiores voluptatem praesentium hic. Modi commodi dolorem praesentium? Expedita, magnam, beatae porro sed repellat doloremque minus esse sunt ratione ut fugiat odit non ea aliquid cupiditate excepturi ullam in molestias quasi, soluta amet libero? Architecto dignissimos, et necessitatibus soluta tempora vitae! Dolorum consequuntur impedit aspernatur ex, a nisi asperiores earum, fuga, vitae ullam illo! Dignissimos asperiores minima porro rem tenetur velit aliquid animi odio dolore. At totam quo voluptatibus cupiditate commodi, laboriosam corporis animi modi, quisquam fuga quidem sint neque ducimus. Odio iste, hic commodi suscipit provident facere. Magni, in incidunt. Praesentium dicta nemo nam officiis dolorem odit et, laborum, blanditiis libero ullam assumenda enim esse a id laboriosam eligendi? Voluptate repellendus veniam ipsam, similique fugit adipisci, quasi impedit neque repudiandae blanditiis, rerum magnam fugiat omnis incidunt odio ipsa in obcaecati voluptatem dolore suscipit quisquam ratione pariatur reiciendis? Distinctio totam deleniti odit nulla fugit, repudiandae iste ipsa aliquid! Id eum tenetur quia, cumque vero nisi aperiam ab, delectus debitis alias enim quibusdam necessitatibus ipsam repellendus voluptates! Voluptatem eum inventore molestias nostrum quaerat placeat eaque. Alias molestias debitis dolore assumenda optio similique dolorum provident at neque nobis, adipisci esse autem consectetur voluptate. Nulla, inventore soluta. Repellendus voluptas, consectetur inventore laboriosam beatae soluta? Esse debitis delectus neque, harum facilis corrupti hic accusamus fugit reprehenderit aspernatur ipsa ullam nulla vitae explicabo cupiditate ex voluptatibus. Sapiente cumque perspiciatis officiis molestias necessitatibus quia libero similique cupiditate error, tenetur fugiat temporibus reiciendis, magnam quasi facere assumenda deserunt excepturi doloribus, rerum nisi eaque placeat ratione sequi? Ipsa ad eaque eum non dolorem rem asperiores?', 40),
	(67, 'giugFZEF', 'yo_test', '2024-04-04', 'f&eacute;minin', '660d522d791ff7.64835230.png', 'non renseigner', 4),
	(69, 'GAROUI', 'Chaima', '1999-08-08', 'f&eacute;minin', 'chaima.png', 'Chaima est une jeune femme talentueuse agée de 24 ans, développeuse scénariste créatid avec l\'imagination débordante, ainsi que coach personnel sur demande. acilis corrupti hic accusamus fugit reprehenderit aspernatur ipsa ullam nulla vitae explicabo cupiditate ex voluptatibus. Sapiente cumque perspiciatis officiis molestias necessitatibus quia libero similique cupiditate error, tenetur fugiat temporibus reiciendis, magnam quasi facere assumenda deserunt excepturi doloribus, rerum nisi eaque placeat ratione sequi? Ipsa ad eaque eum non dolorem rem asperiores', 10),
	(70, 'yay', 'Asma_test', '2024-04-02', 'f&eacute;minin', '661cd384659019.44146588.png', ' Résumé son histoire . . .un peu compliquer ', 10),
	(71, 'hyun', 'test_real', '2023-11-30', 'f&eacute;minin', '660d522d791ff7.64835230.png', 'ryé(yéy\'(', 5),
	(72, 'sg', 'test_kfaf', '2024-04-02', 'f&eacute;minin', NULL, NULL, 5),
	(73, 'frjf', 'rfhfh', '2024-04-03', 'f&eacute;minin', NULL, NULL, 4);

-- Listage de la structure de table cinema_asma. realisateur
CREATE TABLE IF NOT EXISTS `realisateur` (
  `id_realisateur` int NOT NULL AUTO_INCREMENT,
  `id_personne` int NOT NULL,
  PRIMARY KEY (`id_realisateur`),
  UNIQUE KEY `id_personne` (`id_personne`),
  CONSTRAINT `realisateur_ibfk_1` FOREIGN KEY (`id_personne`) REFERENCES `personne` (`id_personne`) ON DELETE CASCADE
) ENGINE=InnoDB AUTO_INCREMENT=15 DEFAULT CHARSET=latin1;

-- Listage des données de la table cinema_asma.realisateur : ~11 rows (environ)
INSERT INTO `realisateur` (`id_realisateur`, `id_personne`) VALUES
	(1, 1),
	(6, 2),
	(8, 3),
	(5, 4),
	(7, 5),
	(9, 6),
	(3, 10),
	(11, 69),
	(12, 71),
	(13, 72),
	(14, 73);

-- Listage de la structure de table cinema_asma. rolefilm
CREATE TABLE IF NOT EXISTS `rolefilm` (
  `id_role` int NOT NULL AUTO_INCREMENT,
  `nom_role` varchar(50) NOT NULL,
  PRIMARY KEY (`id_role`)
) ENGINE=InnoDB AUTO_INCREMENT=60 DEFAULT CHARSET=latin1;

-- Listage des données de la table cinema_asma.rolefilm : ~16 rows (environ)
INSERT INTO `rolefilm` (`id_role`, `nom_role`) VALUES
	(4, 'Silvia'),
	(5, 'Paolo'),
	(6, 'Luz'),
	(7, 'Sebastian'),
	(8, 'Mia Scottsdale'),
	(9, 'Keith Springfield'),
	(16, 'Pulp Fiction Vincent'),
	(17, 'Jules Winnfield'),
	(18, 'Mia Wallace'),
	(22, 'Joker Perth'),
	(23, 'Alfred Pennyworth'),
	(26, 'Forrest Gump Mobile'),
	(32, 'Michael Corleone'),
	(33, 'Sonny Corleone'),
	(51, 'Dom Cobb'),
	(57, 'test_yoy'),
	(58, 'asma_test'),
	(59, 'valdemor_test');

/*!40103 SET TIME_ZONE=IFNULL(@OLD_TIME_ZONE, 'system') */;
/*!40101 SET SQL_MODE=IFNULL(@OLD_SQL_MODE, '') */;
/*!40014 SET FOREIGN_KEY_CHECKS=IFNULL(@OLD_FOREIGN_KEY_CHECKS, 1) */;
/*!40101 SET CHARACTER_SET_CLIENT=@OLD_CHARACTER_SET_CLIENT */;
/*!40111 SET SQL_NOTES=IFNULL(@OLD_SQL_NOTES, 1) */;
